id,verse,token,lemma,mood,number,NEG,RES,ACT,DUR,CONF,GNO,HAB,ITER,STAT,CON,TEL
672140,MATT 5.17,hugjaiþ,hugjan,optative,plural,TRUE,FALSE,NA,FALSE,NA,TRUE,NA,FALSE,TRUE,FALSE,FALSE
672244,MATT 5.21,maurþrjais,maurþrjan,optative,singular,TRUE,FALSE,NA,FALSE,NA,TRUE,FALSE,FALSE,FALSE,TRUE,TRUE
672308,MATT 5.24,aflet,af-letan,imperative,singular,FALSE,TRUE,FALSE,NA,TRUE,NA,NA,FALSE,FALSE,TRUE,TRUE
672317,MATT 5.24,gagg,gaggan,imperative,singular,FALSE,TRUE,FALSE,NA,TRUE,NA,NA,FALSE,FALSE,TRUE,TRUE
672326,MATT 5.24,atbair,at-bairan,imperative,singular,FALSE,TRUE,FALSE,NA,TRUE,NA,NA,FALSE,FALSE,TRUE,TRUE
672331,MATT 5.25,sijais,wisan-1,optative,singular,FALSE,NA,FALSE,TRUE,TRUE,NA,NA,FALSE,NA,TRUE,NA
672386,MATT 5.27,horinos,horinon,optative,singular,TRUE,FALSE,NA,FALSE,NA,TRUE,NA,FALSE,FALSE,TRUE,TRUE
672418,MATT 5.29,usstagg,us-stagg,imperative,singular,FALSE,TRUE,FALSE,FALSE,TRUE,NA,FALSE,FALSE,FALSE,TRUE,TRUE
672421,MATT 5.29,wairp,wairpan,imperative,singular,FALSE,TRUE,FALSE,FALSE,TRUE,NA,FALSE,FALSE,FALSE,TRUE,TRUE
672452,MATT 5.30,afmait,af-maitan,imperative,singular,FALSE,TRUE,FALSE,FALSE,TRUE,NA,FALSE,FALSE,FALSE,TRUE,TRUE
672455,MATT 5.30,wairp,wairpan,imperative,singular,FALSE,TRUE,FALSE,FALSE,TRUE,NA,FALSE,FALSE,FALSE,TRUE,TRUE
672529,MATT 5.33,ufarswarais,ufar-swaran,optative,singular,TRUE,FALSE,NA,FALSE,NA,TRUE,NA,FALSE,FALSE,TRUE,TRUE
672532,MATT 5.33,usgibais,us-giban,optative,singular,FALSE,TRUE,NA,FALSE,NA,TRUE,TRUE,FALSE,FALSE,TRUE,TRUE
672579,MATT 5.36,swarais,swaran,optative,singular,TRUE,NA,FALSE,FALSE,FALSE,TRUE,FALSE,FALSE,FALSE,TRUE,TRUE
672648,MATT 5.39,wandei,wandjan,imperative,singular,FALSE,TRUE,FALSE,FALSE,TRUE,NA,NA,FALSE,FALSE,TRUE,TRUE
672665,MATT 5.40,aflet,af-letan,imperative,singular,FALSE,TRUE,FALSE,FALSE,NA,NA,NA,FALSE,NA,NA,TRUE
672678,MATT 5.41,gaggais,gaggan,optative,singular,FALSE,TRUE,FALSE,FALSE,TRUE,FALSE,NA,FALSE,FALSE,TRUE,NA
672686,MATT 5.42,gibais,giban,optative,singular,FALSE,TRUE,FALSE,FALSE,TRUE,NA,TRUE,FALSE,FALSE,TRUE,TRUE
672696,MATT 5.42,uswandjais,us-wandjan,optative,singular,TRUE,FALSE,FALSE,FALSE,NA,NA,NA,FALSE,FALSE,TRUE,TRUE
672703,MATT 5.43,frijos,frijon,optative,singular,FALSE,FALSE,NA,FALSE,NA,TRUE,FALSE,FALSE,TRUE,FALSE,FALSE
672708,MATT 5.43,fiais,fijan,optative,singular,FALSE,FALSE,NA,FALSE,NA,TRUE,FALSE,FALSE,TRUE,FALSE,FALSE
672717,MATT 5.44,frijoþ,frijon,optative/imperative,plural,FALSE,FALSE,NA,FALSE,NA,TRUE,FALSE,FALSE,TRUE,FALSE,FALSE
672721,MATT 5.44,þiuþjaiþ,þiuþjan,optative,plural,FALSE,TRUE,NA,FALSE,NA,TRUE,TRUE,FALSE,FALSE,TRUE,TRUE
672727,MATT 5.44,taujaiþ,taujan,optative,plural,FALSE,TRUE,NA,FALSE,NA,TRUE,TRUE,FALSE,FALSE,TRUE,TRUE
672733,MATT 5.44,bidjaiþ,bidjan,optative,plural,FALSE,TRUE,NA,FALSE,NA,TRUE,TRUE,FALSE,FALSE,TRUE,TRUE
672804,MATT 5.48,sijaiþ,wisan-1,optative,plural,FALSE,FALSE,FALSE,FALSE,FALSE,TRUE,FALSE,FALSE,TRUE,NA,FALSE
672818,MATT 6.1,Atsaiƕiþ,at-saiƕan,imperative,plural,FALSE,FALSE,FALSE,FALSE,FALSE,TRUE,NA,FALSE,NA,NA,FALSE
672847,MATT 6.2,haurnjais,haurnjan,optative,singular,TRUE,FALSE,FALSE,FALSE,TRUE,TRUE,NA,FALSE,FALSE,TRUE,TRUE
672914,MATT 6.5,sijaiþ,wisan-1,optative,plural,TRUE,FALSE,FALSE,NA,TRUE,TRUE,NA,FALSE,TRUE,TRUE,FALSE
672947,MATT 6.6,gagg,gaggan,imperative,singular,FALSE,TRUE,FALSE,NA,TRUE,TRUE,NA,FALSE,FALSE,TRUE,TRUE
672955,MATT 6.6,bidei,bidjan,imperative,singular,FALSE,TRUE,FALSE,FALSE,TRUE,TRUE,NA,FALSE,FALSE,TRUE,TRUE
672980,MATT 6.7,filuwaurdjaiþ,filu-waurdjan,optative,plural,TRUE,FALSE,NA,TRUE,TRUE,TRUE,FALSE,NA,FALSE,TRUE,NA
672996,MATT 6.8,galeikoþ,gáleikon,optative/imperative,plural,TRUE,NA,FALSE,FALSE,FALSE,TRUE,FALSE,FALSE,NA,NA,NA
673015,MATT 6.9,bidjaiþ,bidjan,optative,plural,FALSE,TRUE,FALSE,FALSE,FALSE,TRUE,TRUE,FALSE,FALSE,TRUE,TRUE
673047,MATT 6.11,gif,giban,imperative,singular,FALSE,TRUE,NA,NA,TRUE,NA,NA,FALSE,FALSE,TRUE,TRUE
673053,MATT 6.12,aflet,af-letan,imperative,singular,FALSE,TRUE,FALSE,FALSE,NA,NA,NA,FALSE,NA,NA,TRUE
673069,MATT 6.13,briggais,briggan,optative,singular,TRUE,FALSE,FALSE,FALSE,FALSE,TRUE,NA,FALSE,FALSE,TRUE,TRUE
673075,MATT 6.13,lausei,lausjan,imperative,singular,FALSE,TRUE,FALSE,FALSE,FALSE,TRUE,NA,FALSE,FALSE,TRUE,TRUE
673131,MATT 6.16,wairþaiþ,wairþan,optative,plural,TRUE,FALSE,FALSE,FALSE,TRUE,TRUE,NA,FALSE,TRUE,TRUE,TRUE
673160,MATT 6.17,salbo,salbon,imperative,singular,FALSE,TRUE,FALSE,FALSE,TRUE,TRUE,NA,FALSE,FALSE,TRUE,TRUE
673166,MATT 6.17,þwah,þwahan,imperative,singular,FALSE,TRUE,FALSE,FALSE,TRUE,TRUE,NA,FALSE,FALSE,TRUE,TRUE
673193,MATT 6.19,huzdjaiþ,huzdjan,optative,plural,TRUE,FALSE,NA,FALSE,NA,TRUE,NA,FALSE,FALSE,TRUE,NA
673213,MATT 6.20,huzdjaiþ,huzdjan,optative,plural,FALSE,NA,FALSE,FALSE,FALSE,TRUE,NA,FALSE,FALSE,TRUE,NA
673327,MATT 6.25,maurnaiþ,maurnan,optative/imperative,plural,TRUE,FALSE,NA,FALSE,NA,TRUE,NA,FALSE,TRUE,FALSE,FALSE
673351,MATT 6.26,insaiƕiþ,in-saiƕan,imperative,plural,FALSE,TRUE,TRUE,FALSE,TRUE,FALSE,NA,FALSE,FALSE,TRUE,TRUE
673401,MATT 6.28,gakunnaiþ,ga-kunnan-2,optative/imperative,plural,FALSE,NA,NA,FALSE,NA,FALSE,NA,FALSE,NA,TRUE,NA
673454,MATT 6.31,maurnaiþ,maurnan,optative/imperative,plural,TRUE,FALSE,NA,FALSE,NA,TRUE,NA,FALSE,TRUE,FALSE,FALSE
673492,MATT 7.12,taujaiþ,taujan,optative,plural,FALSE,NA,FALSE,FALSE,FALSE,TRUE,TRUE,FALSE,FALSE,TRUE,TRUE
673502,MATT 7.13,inngaggaiþ,inn-gaggan,optative,plural,FALSE,TRUE,FALSE,FALSE,FALSE,TRUE,NA,FALSE,FALSE,TRUE,TRUE
673545,MATT 7.15,atsaiƕiþ,at-saiƕan,imperative,plural,FALSE,FALSE,FALSE,FALSE,FALSE,TRUE,NA,FALSE,NA,NA,FALSE
673694,MATT 7.23,afleiþiþ,af-leiþan,imperative,plural,FALSE,TRUE,NA,FALSE,TRUE,FALSE,FALSE,FALSE,FALSE,TRUE,TRUE
673868,MATT 8.3,wairþ,wairþan,imperative,singular,FALSE,NA,TRUE,FALSE,TRUE,NA,FALSE,FALSE,TRUE,NA,TRUE
673884,MATT 8.4,saiƕ,saiƕan,imperative,singular,FALSE,NA,NA,FALSE,NA,NA,FALSE,FALSE,NA,TRUE,NA
673891,MATT 8.4,gagg,gaggan,imperative,singular,FALSE,NA,TRUE,FALSE,TRUE,FALSE,FALSE,FALSE,FALSE,TRUE,TRUE
673895,MATT 8.4,ataugei,at-augjan,imperative,singular,FALSE,NA,TRUE,FALSE,TRUE,FALSE,FALSE,FALSE,NA,TRUE,TRUE
673898,MATT 8.4,atbair,at-bairan,imperative,singular,FALSE,TRUE,NA,FALSE,TRUE,FALSE,FALSE,FALSE,FALSE,TRUE,TRUE
673966,MATT 8.8,qiþ,qiþan,imperative,singular,FALSE,TRUE,TRUE,FALSE,TRUE,FALSE,FALSE,FALSE,FALSE,TRUE,TRUE
673989,MATT 8.9,gagg,gaggan,imperative,singular,FALSE,TRUE,TRUE,FALSE,TRUE,FALSE,NA,FALSE,FALSE,TRUE,TRUE
673997,MATT 8.9,qim,qiman,imperative,singular,FALSE,TRUE,TRUE,FALSE,TRUE,FALSE,NA,FALSE,FALSE,TRUE,TRUE
674007,MATT 8.9,tawei,taujan,imperative,singular,FALSE,TRUE,TRUE,FALSE,TRUE,FALSE,NA,FALSE,FALSE,TRUE,TRUE
674081,MATT 8.13,gagg,gaggan,imperative,singular,FALSE,TRUE,TRUE,FALSE,TRUE,FALSE,FALSE,FALSE,FALSE,TRUE,TRUE
674236,MATT 8.21,uslaubei,us-laubjan,imperative,singular,FALSE,TRUE,TRUE,FALSE,TRUE,NA,NA,FALSE,NA,NA,TRUE
674251,MATT 8.22,laistei,laistjan,imperative,singular,FALSE,NA,TRUE,FALSE,TRUE,NA,NA,FALSE,FALSE,TRUE,NA
674255,MATT 8.22,let,letan,imperative,singular,FALSE,TRUE,NA,FALSE,NA,TRUE,NA,FALSE,FALSE,NA,TRUE
674304,MATT 8.25,nasei,nasjan,imperative,singular,FALSE,TRUE,TRUE,FALSE,TRUE,FALSE,FALSE,FALSE,FALSE,TRUE,TRUE
674425,MATT 8.31,uslaubei,us-laubjan,imperative,singular,FALSE,TRUE,NA,FALSE,TRUE,FALSE,FALSE,FALSE,FALSE,NA,TRUE
674438,MATT 8.32,gaggiþ,gaggan,imperative,plural,FALSE,TRUE,TRUE,FALSE,TRUE,NA,FALSE,FALSE,FALSE,TRUE,TRUE
674530,MATT 9.2,þrafstei,þrafstjan,imperative,singular,FALSE,NA,TRUE,FALSE,TRUE,NA,FALSE,FALSE,TRUE,NA,NA
674581,MATT 9.5,urreis,ur-reisan,imperative,singular,FALSE,TRUE,TRUE,FALSE,TRUE,FALSE,FALSE,FALSE,NA,TRUE,TRUE
674583,MATT 9.5,gagg,gaggan,imperative,singular,FALSE,NA,TRUE,FALSE,TRUE,FALSE,FALSE,FALSE,FALSE,TRUE,NA
674606,MATT 9.6,nim,niman,imperative,singular,FALSE,TRUE,TRUE,FALSE,TRUE,FALSE,FALSE,FALSE,FALSE,TRUE,TRUE
674611,MATT 9.6,gagg,gaggan,imperative,singular,FALSE,TRUE,TRUE,FALSE,TRUE,FALSE,FALSE,FALSE,FALSE,TRUE,TRUE
674655,MATT 9.9,laistei,laistjan,imperative,singular,FALSE,TRUE,TRUE,FALSE,TRUE,NA,NA,FALSE,FALSE,TRUE,TRUE
674725,MATT 9.13,gaggaiþ,gaggan,optative,plural,FALSE,NA,TRUE,FALSE,TRUE,NA,FALSE,FALSE,FALSE,TRUE,TRUE
674727,MATT 9.13,ganimiþ,ga-niman,imperative,plural,FALSE,TRUE,TRUE,FALSE,TRUE,NA,FALSE,FALSE,TRUE,TRUE,TRUE
674882,MATT 9.18,atlagei,at-lagjan,imperative,singular,FALSE,TRUE,NA,FALSE,TRUE,FALSE,FALSE,FALSE,FALSE,TRUE,TRUE
674938,MATT 9.22,þrafstei,þrafstjan,imperative,singular,FALSE,NA,TRUE,FALSE,TRUE,NA,FALSE,FALSE,TRUE,NA,NA
674977,MATT 9.24,afleiþiþ,af-leiþan,imperative,plural,FALSE,TRUE,TRUE,FALSE,TRUE,NA,FALSE,FALSE,FALSE,TRUE,TRUE
675034,MATT 9.27,armai,arman,imperative,singular,FALSE,TRUE,TRUE,FALSE,TRUE,FALSE,FALSE,FALSE,FALSE,TRUE,TRUE
675091,MATT 9.30,saiƕats,saiƕan,imperative,dual,FALSE,NA,FALSE,FALSE,FALSE,TRUE,NA,FALSE,FALSE,TRUE,NA
675210,MATT 9.38,bidjiþ,bidjan,imperative,plural,FALSE,TRUE,NA,FALSE,NA,NA,NA,FALSE,FALSE,TRUE,NA
675231,MATT 10.23,þliuhaiþ,þliuhan,optative,plural,FALSE,TRUE,FALSE,FALSE,NA,NA,NA,FALSE,FALSE,TRUE,NA
675290,MATT 10.26,ogeiþ,ogan*,optative,plural,TRUE,FALSE,NA,FALSE,NA,NA,FALSE,FALSE,TRUE,FALSE,FALSE
675317,MATT 10.27,qiþaiþ,qiþan,optative,plural,FALSE,TRUE,FALSE,FALSE,NA,TRUE,TRUE,FALSE,FALSE,TRUE,TRUE
675327,MATT 10.27,merjaiþ,merjan,optative,plural,FALSE,TRUE,FALSE,FALSE,NA,TRUE,TRUE,FALSE,FALSE,TRUE,TRUE
675333,MATT 10.28,ogeiþ,ogan*,optative,plural,TRUE,FALSE,NA,FALSE,NA,TRUE,FALSE,FALSE,TRUE,FALSE,FALSE
675347,MATT 10.28,ogeiþ,ogan*,optative,plural,FALSE,FALSE,FALSE,FALSE,FALSE,TRUE,FALSE,FALSE,TRUE,FALSE,FALSE
675388,MATT 10.31,ogeiþ,ogan*,optative,plural,TRUE,FALSE,NA,FALSE,NA,TRUE,NA,FALSE,TRUE,FALSE,FALSE
675442,MATT 10.34,ahjaiþ,ahjan,optative,plural,TRUE,FALSE,NA,FALSE,NA,TRUE,NA,FALSE,TRUE,FALSE,FALSE
675658,MATT 11.4,gateihiþ,ga-teihan,imperative,plural,FALSE,TRUE,NA,FALSE,TRUE,FALSE,FALSE,FALSE,FALSE,NA,TRUE
676108,MATT 25.41,gaggiþ,gaggan,imperative,plural,FALSE,TRUE,TRUE,FALSE,TRUE,NA,FALSE,FALSE,FALSE,TRUE,TRUE
676302,MATT 26.68,praufetei,praufetjan,imperative,singular,FALSE,TRUE,TRUE,FALSE,TRUE,FALSE,FALSE,FALSE,FALSE,TRUE,TRUE
676507,MATT 27.4,witeis,witan-1,optative,singular,FALSE,NA,NA,FALSE,NA,FALSE,FALSE,FALSE,NA,NA,NA
676875,MATT 27.49,let,letan,imperative,singular,FALSE,NA,NA,NA,NA,NA,NA,NA,NA,NA,NA
677124,MATT 27.64,hait,haitan,imperative,singular,FALSE,TRUE,TRUE,FALSE,TRUE,FALSE,FALSE,FALSE,FALSE,TRUE,TRUE
677167,MATT 27.65,gaggiþ,gaggan,imperative,plural,FALSE,TRUE,TRUE,FALSE,TRUE,FALSE,FALSE,FALSE,FALSE,TRUE,TRUE
677168,MATT 27.65,witaid,witan-2,optative/imperative,plural,FALSE,TRUE,TRUE,FALSE,TRUE,FALSE,FALSE,FALSE,FALSE,TRUE,TRUE
551843,MARK 1.3,manweiþ,manwjan,imperative,plural,FALSE,TRUE,NA,FALSE,NA,NA,NA,FALSE,FALSE,TRUE,TRUE
551848,MARK 1.3,waurkeiþ,waurkjan,imperative,plural,FALSE,TRUE,NA,FALSE,NA,NA,NA,FALSE,FALSE,TRUE,TRUE
552059,MARK 1.15,idreigoþ,idreigon,optative/imperative,plural,FALSE,NA,NA,FALSE,NA,NA,NA,FALSE,FALSE,TRUE,TRUE
552061,MARK 1.15,galaubeiþ,ga-laubjan,imperative,plural,FALSE,FALSE,NA,FALSE,NA,TRUE,NA,FALSE,TRUE,FALSE,FALSE
552237,MARK 1.25,þahai,þahan,imperative,singular,FALSE,FALSE,TRUE,FALSE,TRUE,NA,FALSE,FALSE,TRUE,TRUE,FALSE
552239,MARK 1.25,usgagg,us-gaggan,imperative,singular,FALSE,TRUE,TRUE,FALSE,TRUE,NA,FALSE,FALSE,FALSE,TRUE,TRUE
552514,MARK 1.41,wairþ,wairþan,imperative,singular,FALSE,TRUE,TRUE,FALSE,TRUE,NA,FALSE,FALSE,TRUE,FALSE,TRUE
552545,MARK 1.44,saiƕ,saiƕan,imperative,singular,FALSE,FALSE,NA,FALSE,NA,TRUE,NA,FALSE,FALSE,TRUE,NA
552553,MARK 1.44,gagg,gaggan,imperative,singular,FALSE,TRUE,TRUE,FALSE,TRUE,FALSE,FALSE,FALSE,FALSE,TRUE,TRUE
552559,MARK 1.44,atbair,at-bairan,imperative,singular,FALSE,TRUE,NA,FALSE,NA,FALSE,FALSE,FALSE,FALSE,TRUE,TRUE
788407,MARK 2.9,urreis,ur-reisan,imperative,singular,FALSE,TRUE,TRUE,FALSE,TRUE,FALSE,FALSE,FALSE,NA,TRUE,TRUE
788409,MARK 2.9,nim,niman,imperative,singular,FALSE,TRUE,TRUE,FALSE,TRUE,FALSE,FALSE,FALSE,FALSE,TRUE,TRUE
788414,MARK 2.9,gagg,gaggan,imperative,singular,FALSE,TRUE,TRUE,FALSE,TRUE,NA,FALSE,FALSE,FALSE,TRUE,TRUE
552791,MARK 2.11,urreis,ur-reisan,imperative,singular,FALSE,TRUE,TRUE,FALSE,TRUE,FALSE,FALSE,FALSE,TRUE,TRUE,TRUE
552792,MARK 2.11,nim,niman,imperative,singular,FALSE,TRUE,TRUE,FALSE,TRUE,FALSE,FALSE,FALSE,FALSE,TRUE,TRUE
552798,MARK 2.11,gagg,gaggan,imperative,singular,FALSE,TRUE,TRUE,FALSE,TRUE,FALSE,FALSE,FALSE,FALSE,TRUE,TRUE
552860,MARK 2.14,gagg,gaggan,imperative,singular,FALSE,NA,TRUE,FALSE,TRUE,NA,NA,FALSE,FALSE,TRUE,NA
553244,MARK 3.3,urreis,ur-reisan,imperative,singular,FALSE,TRUE,TRUE,FALSE,TRUE,FALSE,FALSE,FALSE,NA,TRUE,TRUE
553289,MARK 3.5,ufrakei,uf-rakjan,imperative,singular,FALSE,TRUE,TRUE,FALSE,TRUE,FALSE,FALSE,FALSE,FALSE,TRUE,TRUE
553858,MARK 4.3,hauseiþ,hausjan,imperative,plural,FALSE,TRUE,TRUE,FALSE,TRUE,FALSE,FALSE,FALSE,NA,NA,TRUE
554250,MARK 4.24,saiƕiþ,saiƕan,imperative,plural,FALSE,NA,FALSE,FALSE,FALSE,TRUE,TRUE,FALSE,FALSE,TRUE,NA
554522,MARK 4.39,gaslawai,ga-slawan,imperative,singular,FALSE,NA,TRUE,FALSE,TRUE,FALSE,FALSE,FALSE,NA,TRUE,NA
554524,MARK 4.39,afdumbn,af-dumbnan,imperative,singular,FALSE,NA,TRUE,FALSE,TRUE,FALSE,FALSE,FALSE,TRUE,TRUE,NA
554694,MARK 5.7,balwjais,balwjan,optative,singular,TRUE,FALSE,TRUE,FALSE,TRUE,FALSE,FALSE,FALSE,FALSE,TRUE,NA
554701,MARK 5.8,usgagg,us-gaggan,imperative,singular,FALSE,TRUE,TRUE,FALSE,TRUE,FALSE,FALSE,FALSE,FALSE,TRUE,TRUE
554761,MARK 5.12,insandei,in-sandjan,imperative,singular,FALSE,TRUE,TRUE,FALSE,TRUE,FALSE,FALSE,FALSE,FALSE,TRUE,TRUE
554904,MARK 5.19,gagg,gaggan,imperative,singular,FALSE,TRUE,TRUE,FALSE,TRUE,NA,NA,FALSE,FALSE,TRUE,TRUE
554911,MARK 5.19,gateih,ga-teihan,imperative,singular,FALSE,TRUE,NA,FALSE,NA,NA,NA,FALSE,FALSE,TRUE,TRUE
555175,MARK 5.34,gagg,gaggan,imperative,singular,FALSE,TRUE,TRUE,FALSE,TRUE,NA,NA,FALSE,FALSE,TRUE,TRUE
555179,MARK 5.34,sijais,wisan-1,optative,singular,FALSE,NA,TRUE,FALSE,TRUE,NA,NA,FALSE,NA,FALSE,TRUE
555220,MARK 5.36,faurhtei,faurhtjan,imperative,singular,TRUE,FALSE,TRUE,FALSE,TRUE,TRUE,NA,FALSE,TRUE,FALSE,FALSE
555223,MARK 5.36,galaubei,ga-laubjan,imperative,singular,FALSE,FALSE,TRUE,FALSE,TRUE,TRUE,NA,FALSE,TRUE,FALSE,FALSE
555328,MARK 5.41,urreis,ur-reisan,imperative,singular,FALSE,TRUE,TRUE,FALSE,TRUE,NA,FALSE,FALSE,NA,TRUE,TRUE
555544,MARK 6.9,wasjaiþ,wasjan,optative,plural,TRUE,FALSE,FALSE,NA,TRUE,NA,NA,FALSE,TRUE,TRUE,FALSE
555560,MARK 6.10,saljaiþ,saljan-2,optative,plural,FALSE,FALSE,FALSE,TRUE,TRUE,NA,NA,FALSE,TRUE,TRUE,FALSE
555579,MARK 6.11,ushrisjaiþ,us-hrisjan,optative,plural,FALSE,TRUE,FALSE,FALSE,TRUE,TRUE,NA,FALSE,FALSE,TRUE,TRUE
555810,MARK 6.22,bidei,bidjan,imperative,singular,FALSE,TRUE,TRUE,FALSE,TRUE,NA,NA,FALSE,FALSE,TRUE,TRUE
556221,MARK 7.10,swerai,sweran,imperative,singular,FALSE,NA,NA,FALSE,NA,TRUE,NA,FALSE,NA,TRUE,FALSE
556303,MARK 7.14,hauseiþ,hausjan,imperative,plural,FALSE,NA,TRUE,FALSE,TRUE,NA,NA,FALSE,FALSE,NA,NA
556307,MARK 7.14,fraþjaiþ,fraþjan,optative,plural,FALSE,NA,TRUE,FALSE,TRUE,NA,FALSE,FALSE,TRUE,FALSE,NA
556526,MARK 7.27,let,letan,imperative,singular,FALSE,TRUE,FALSE,FALSE,TRUE,TRUE,NA,FALSE,FALSE,TRUE,TRUE
556573,MARK 7.29,gagg,gaggan,imperative,singular,FALSE,TRUE,TRUE,FALSE,TRUE,NA,NA,FALSE,FALSE,TRUE,TRUE
556660,MARK 7.34,uslukn,us-luknan,imperative,singular,FALSE,TRUE,TRUE,FALSE,TRUE,NA,FALSE,FALSE,TRUE,FALSE,TRUE
556959,MARK 8.15,saiƕiþ,saiƕan,imperative,plural,FALSE,FALSE,NA,FALSE,TRUE,TRUE,NA,FALSE,FALSE,TRUE,FALSE
557162,MARK 8.26,gaggais,gaggan,optative,singular,TRUE,FALSE,FALSE,FALSE,FALSE,TRUE,NA,FALSE,FALSE,TRUE,TRUE
557166,MARK 8.26,qiþais,qiþan,optative,singular,TRUE,FALSE,FALSE,FALSE,FALSE,TRUE,NA,FALSE,FALSE,TRUE,TRUE
557310,MARK 8.33,gagg,gaggan,imperative,singular,FALSE,TRUE,TRUE,FALSE,TRUE,NA,NA,FALSE,FALSE,TRUE,TRUE
557586,MARK 9.7,hausjaiþ,hausjan,optative,plural,FALSE,NA,NA,FALSE,NA,TRUE,NA,FALSE,FALSE,TRUE,NA
557816,MARK 9.19,bairiþ,bairan,imperative,plural,FALSE,TRUE,TRUE,FALSE,TRUE,FALSE,FALSE,FALSE,FALSE,TRUE,TRUE
557884,MARK 9.22,hilp,hilpan,imperative,singular,FALSE,TRUE,TRUE,FALSE,TRUE,FALSE,FALSE,FALSE,FALSE,TRUE,TRUE
557918,MARK 9.24,hilp,hilpan,imperative,singular,FALSE,TRUE,TRUE,FALSE,TRUE,FALSE,FALSE,FALSE,FALSE,TRUE,TRUE
557951,MARK 9.25,usgagg,us-gaggan,imperative,singular,FALSE,TRUE,TRUE,FALSE,TRUE,NA,FALSE,FALSE,FALSE,TRUE,TRUE
557957,MARK 9.25,galeiþais,ga-leiþan,optative,singular,TRUE,FALSE,FALSE,FALSE,FALSE,TRUE,NA,FALSE,FALSE,TRUE,TRUE
558217,MARK 9.39,warjiþ,warjan,imperative,plural,TRUE,FALSE,FALSE,FALSE,NA,NA,NA,FALSE,FALSE,TRUE,TRUE
558305,MARK 9.43,afmait,af-maitan,imperative,singular,FALSE,TRUE,FALSE,FALSE,TRUE,NA,NA,FALSE,FALSE,TRUE,TRUE
558346,MARK 9.45,afmait,af-maitan,imperative,singular,FALSE,TRUE,FALSE,FALSE,TRUE,NA,NA,FALSE,FALSE,TRUE,TRUE
558387,MARK 9.47,uswairp,us-wairpan,imperative,singular,FALSE,TRUE,FALSE,FALSE,TRUE,NA,NA,FALSE,FALSE,TRUE,TRUE
558440,MARK 9.50,habaiþ,haban,optative/imperative,plural,FALSE,FALSE,FALSE,FALSE,FALSE,TRUE,NA,FALSE,TRUE,FALSE,FALSE
558446,MARK 9.50,sijaiþ,wisan-1,optative,plural,FALSE,FALSE,FALSE,FALSE,FALSE,TRUE,NA,FALSE,TRUE,FALSE,FALSE
558651,MARK 10.14,letiþ,letan,imperative,plural,FALSE,TRUE,TRUE,FALSE,TRUE,TRUE,NA,FALSE,FALSE,TRUE,TRUE
558659,MARK 10.14,warjiþ,warjan,imperative,plural,TRUE,FALSE,TRUE,FALSE,TRUE,TRUE,NA,FALSE,FALSE,TRUE,TRUE
558748,MARK 10.19,horinos,horinon,optative,singular,TRUE,FALSE,NA,FALSE,NA,TRUE,NA,FALSE,FALSE,TRUE,TRUE
558751,MARK 10.19,maurþrjais,maurþrjan,optative,singular,TRUE,FALSE,NA,FALSE,NA,TRUE,NA,FALSE,FALSE,TRUE,TRUE
558754,MARK 10.19,hlifais,hlifan,optative,singular,TRUE,FALSE,NA,FALSE,NA,TRUE,NA,FALSE,FALSE,TRUE,TRUE
558757,MARK 10.19,sijais,wisan-1,optative,singular,TRUE,FALSE,NA,FALSE,NA,TRUE,NA,FALSE,TRUE,TRUE,NA
558761,MARK 10.19,anamahtjais,ana-mahtjan,optative,singular,TRUE,FALSE,NA,FALSE,NA,TRUE,NA,FALSE,FALSE,TRUE,TRUE
558763,MARK 10.19,swerai,sweran,imperative,singular,FALSE,FALSE,NA,FALSE,NA,TRUE,NA,FALSE,FALSE,TRUE,FALSE
558802,MARK 10.21,gagg,gaggan,imperative,singular,FALSE,TRUE,TRUE,FALSE,TRUE,NA,FALSE,FALSE,FALSE,NA,TRUE
558808,MARK 10.21,frabugei,fra-bugjan,imperative,singular,FALSE,TRUE,TRUE,FALSE,TRUE,NA,FALSE,FALSE,FALSE,NA,TRUE
558810,MARK 10.21,gif,giban,imperative,singular,FALSE,TRUE,TRUE,FALSE,TRUE,NA,NA,FALSE,FALSE,NA,TRUE
559155,MARK 10.37,fragif,fra-giban,imperative,singular,FALSE,TRUE,TRUE,FALSE,TRUE,FALSE,NA,FALSE,FALSE,TRUE,TRUE
559385,MARK 10.47,armai,arman,imperative,singular,FALSE,TRUE,TRUE,FALSE,TRUE,NA,FALSE,FALSE,FALSE,TRUE,TRUE
559404,MARK 10.48,armai,arman,imperative,singular,FALSE,TRUE,TRUE,FALSE,TRUE,NA,FALSE,FALSE,FALSE,TRUE,TRUE
559423,MARK 10.49,þrafstei,þrafstjan,imperative,singular,FALSE,NA,TRUE,FALSE,TRUE,FALSE,FALSE,FALSE,TRUE,NA,NA
559426,MARK 10.49,urreis,ur-reisan,imperative,singular,FALSE,TRUE,TRUE,FALSE,TRUE,FALSE,FALSE,FALSE,NA,TRUE,TRUE
559472,MARK 10.52,gagg,gaggan,imperative,singular,FALSE,TRUE,TRUE,FALSE,TRUE,FALSE,FALSE,FALSE,FALSE,TRUE,TRUE
559511,MARK 11.2,gaggats,gaggan,imperative,dual,FALSE,TRUE,TRUE,FALSE,TRUE,FALSE,FALSE,FALSE,FALSE,TRUE,TRUE
559538,MARK 11.2,attiuhats,at-tiuhan,imperative,dual,FALSE,TRUE,FALSE,FALSE,TRUE,FALSE,FALSE,FALSE,FALSE,TRUE,TRUE
734652,MARK 11.3,qiþaits,qiþan,optative,dual,FALSE,TRUE,NA,FALSE,TRUE,FALSE,NA,FALSE,FALSE,TRUE,TRUE
559902,MARK 11.22,habaiþ,haban,optative/imperative,plural,FALSE,FALSE,NA,FALSE,NA,TRUE,NA,FALSE,TRUE,NA,FALSE
734714,MARK 11.23,ushafei,us-hafjan,imperative,singular,FALSE,TRUE,NA,FALSE,NA,FALSE,FALSE,FALSE,NA,TRUE,TRUE
734717,MARK 11.23,wairp,wairpan,imperative,singular,FALSE,TRUE,NA,FALSE,NA,FALSE,FALSE,FALSE,FALSE,TRUE,TRUE
559958,MARK 11.24,galaubeiþ,ga-laubjan,imperative,plural,FALSE,FALSE,NA,FALSE,TRUE,TRUE,NA,FALSE,TRUE,NA,FALSE
559971,MARK 11.25,afletaiþ,af-letan,optative,plural,FALSE,TRUE,FALSE,FALSE,TRUE,TRUE,NA,FALSE,FALSE,TRUE,TRUE
560068,MARK 11.29,andhafjiþ,and-hafjan,imperative,plural,FALSE,TRUE,TRUE,FALSE,TRUE,FALSE,FALSE,FALSE,FALSE,TRUE,TRUE
560091,MARK 11.30,andhafjiþ,and-hafjan,imperative,plural,FALSE,TRUE,TRUE,FALSE,TRUE,FALSE,FALSE,FALSE,FALSE,TRUE,TRUE
560458,MARK 12.15,atbairiþ,at-bairan,imperative,plural,FALSE,TRUE,TRUE,FALSE,TRUE,FALSE,FALSE,FALSE,FALSE,TRUE,TRUE
560497,MARK 12.17,usgibiþ,us-giban,imperative,plural,FALSE,TRUE,FALSE,FALSE,FALSE,TRUE,NA,FALSE,FALSE,TRUE,TRUE
756869,MARK 12.29,hausei,hausjan,imperative,singular,FALSE,NA,NA,FALSE,NA,NA,NA,FALSE,TRUE,FALSE,TRUE
560757,MARK 12.30,frijos,frijon,optative,singular,FALSE,FALSE,NA,FALSE,NA,TRUE,NA,FALSE,TRUE,FALSE,FALSE
560790,MARK 12.31,frijos,frijon,optative,singular,FALSE,FALSE,NA,FALSE,NA,TRUE,NA,FALSE,TRUE,FALSE,FALSE
560922,MARK 12.36,sit,sitan,imperative,singular,FALSE,FALSE,NA,TRUE,NA,NA,NA,FALSE,TRUE,NA,FALSE
560965,MARK 12.38,saiƕiþ,saiƕan,imperative,plural,FALSE,FALSE,FALSE,FALSE,FALSE,TRUE,NA,FALSE,TRUE,TRUE,FALSE
560984,MARK 13.18,bidjaiþ,bidjan,optative,plural,FALSE,NA,NA,FALSE,NA,NA,NA,FALSE,FALSE,TRUE,TRUE
561062,MARK 13.21,galaubjaiþ,ga-laubjan,optative,plural,TRUE,FALSE,FALSE,FALSE,TRUE,TRUE,NA,FALSE,TRUE,FALSE,FALSE
561161,MARK 13.28,ganimiþ,ga-niman,imperative,plural,FALSE,TRUE,TRUE,FALSE,TRUE,FALSE,FALSE,FALSE,TRUE,TRUE,TRUE
561191,MARK 13.29,kunneiþ,kunnan-1,optative,plural,FALSE,FALSE,FALSE,FALSE,TRUE,NA,NA,FALSE,TRUE,NA,FALSE
561371,MARK 14.13,gaggats,gaggan,imperative,dual,FALSE,TRUE,TRUE,FALSE,TRUE,FALSE,FALSE,FALSE,FALSE,TRUE,TRUE
561384,MARK 14.13,gaggats,gaggan,imperative,dual,FALSE,NA,NA,FALSE,TRUE,FALSE,FALSE,FALSE,FALSE,TRUE,TRUE
561392,MARK 14.14,qiþaits,qiþan,optative,dual,FALSE,TRUE,FALSE,FALSE,TRUE,FALSE,FALSE,FALSE,FALSE,TRUE,TRUE
561422,MARK 14.15,manwjaiþ,manwjan,optative,plural,FALSE,TRUE,FALSE,FALSE,TRUE,FALSE,FALSE,FALSE,FALSE,TRUE,TRUE
757156,MARK 14.42,urreisiþ,ur-reisan,imperative,plural,FALSE,TRUE,TRUE,FALSE,TRUE,FALSE,FALSE,FALSE,NA,TRUE,TRUE
561497,MARK 14.44,greipiþ,greipan,imperative,plural,FALSE,TRUE,FALSE,FALSE,TRUE,FALSE,FALSE,FALSE,FALSE,TRUE,TRUE
561500,MARK 14.44,tiuhiþ,tiuhan,imperative,plural,FALSE,TRUE,NA,FALSE,TRUE,FALSE,FALSE,FALSE,FALSE,TRUE,TRUE
561858,MARK 14.65,praufetei,praufetjan,imperative,singular,FALSE,TRUE,TRUE,FALSE,TRUE,FALSE,FALSE,FALSE,FALSE,TRUE,TRUE
562204,MARK 15.13,ushramei,us-hramjan,imperative,singular,FALSE,TRUE,TRUE,FALSE,TRUE,FALSE,FALSE,FALSE,FALSE,TRUE,TRUE
562223,MARK 15.14,ushramei,us-hramjan,imperative,singular,FALSE,TRUE,TRUE,FALSE,TRUE,FALSE,FALSE,FALSE,FALSE,TRUE,TRUE
562455,MARK 15.30,nasei,nasjan,imperative,singular,FALSE,TRUE,TRUE,FALSE,TRUE,FALSE,FALSE,FALSE,NA,TRUE,TRUE
562459,MARK 15.30,atsteig,at-steigan,imperative,singular,FALSE,TRUE,TRUE,FALSE,TRUE,FALSE,FALSE,FALSE,FALSE,TRUE,TRUE
562586,MARK 15.36,let,letan,imperative,singular,FALSE,NA,TRUE,FALSE,TRUE,FALSE,FALSE,FALSE,NA,NA,TRUE
562884,MARK 16.6,faurhteiþ,faurhtjan,imperative,plural,TRUE,FALSE,TRUE,FALSE,TRUE,FALSE,FALSE,FALSE,TRUE,FALSE,FALSE
562906,MARK 16.7,gaggiþ,gaggan,imperative,plural,FALSE,TRUE,TRUE,FALSE,TRUE,FALSE,FALSE,FALSE,FALSE,TRUE,TRUE
562907,MARK 16.7,qiþid,qiþan,imperative,plural,FALSE,TRUE,TRUE,FALSE,TRUE,FALSE,FALSE,FALSE,FALSE,TRUE,TRUE
563063,MARK 16.15,merjaiþ,merjan,optative,plural,FALSE,TRUE,NA,FALSE,TRUE,NA,NA,FALSE,NA,TRUE,TRUE
647101,LUKE 1.13,ogs,ogan*,imperative,singular,TRUE,FALSE,TRUE,FALSE,TRUE,FALSE,FALSE,FALSE,TRUE,FALSE,FALSE
647254,LUKE 1.20,sijais,wisan-1,optative,singular,FALSE,FALSE,TRUE,TRUE,TRUE,NA,NA,FALSE,TRUE,NA,FALSE
647414,LUKE 1.28,fagino,faginon,imperative,singular,FALSE,FALSE,TRUE,FALSE,TRUE,FALSE,FALSE,FALSE,TRUE,FALSE,FALSE
647454,LUKE 1.30,ogs,ogan*,imperative,singular,TRUE,FALSE,TRUE,FALSE,TRUE,FALSE,FALSE,FALSE,TRUE,FALSE,FALSE
648352,LUKE 2.10,ogeiþ,ogan*,optative,plural,TRUE,FALSE,TRUE,FALSE,TRUE,FALSE,FALSE,FALSE,TRUE,FALSE,FALSE
759569,LUKE 3.4,manweid,manwjan,imperative,plural,FALSE,TRUE,NA,FALSE,NA,NA,NA,FALSE,FALSE,TRUE,TRUE
759573,LUKE 3.4,waurkeiþ,waurkjan,imperative,plural,FALSE,TRUE,NA,FALSE,NA,NA,NA,FALSE,FALSE,TRUE,TRUE
649255,LUKE 3.8,waurkjaiþ,waurkjan,optative,plural,FALSE,TRUE,NA,FALSE,NA,TRUE,NA,FALSE,FALSE,TRUE,TRUE
649262,LUKE 3.8,duginnaiþ,du-ginnan,optative,plural,TRUE,FALSE,NA,FALSE,NA,TRUE,NA,FALSE,FALSE,TRUE,TRUE
649365,LUKE 3.13,lausjaiþ,lausjan,optative,plural,NA,NA,FALSE,FALSE,FALSE,TRUE,NA,FALSE,FALSE,TRUE,TRUE
649387,LUKE 3.14,holoþ,holon,optative/imperative,plural,TRUE,FALSE,FALSE,FALSE,FALSE,TRUE,NA,FALSE,FALSE,TRUE,TRUE
649391,LUKE 3.14,anamahtjaid,ana-mahtjan,optative,plural,TRUE,FALSE,FALSE,FALSE,FALSE,TRUE,NA,FALSE,FALSE,TRUE,TRUE
649393,LUKE 3.14,waldaiþ,waldan,optative,plural,FALSE,FALSE,FALSE,FALSE,FALSE,TRUE,NA,FALSE,TRUE,FALSE,FALSE
649862,LUKE 4.3,qiþ,qiþan,imperative,singular,FALSE,TRUE,TRUE,FALSE,TRUE,FALSE,FALSE,FALSE,FALSE,TRUE,TRUE
649965,LUKE 4.8,inweitais,in-weitan,optative,singular,FALSE,FALSE,NA,FALSE,NA,TRUE,NA,FALSE,FALSE,TRUE,FALSE
649969,LUKE 4.8,fullafahjais,fulla-fahjan,optative,singular,FALSE,FALSE,NA,FALSE,NA,TRUE,NA,FALSE,FALSE,TRUE,FALSE
649992,LUKE 4.9,wairp,wairpan,imperative,singular,FALSE,TRUE,TRUE,FALSE,TRUE,FALSE,FALSE,FALSE,FALSE,TRUE,TRUE
650036,LUKE 4.12,fraisais,fraisan,optative,singular,TRUE,FALSE,NA,FALSE,NA,TRUE,NA,FALSE,FALSE,TRUE,TRUE
650240,LUKE 4.23,hailei,hailjan,imperative,singular,FALSE,TRUE,NA,FALSE,NA,FALSE,NA,FALSE,TRUE,TRUE,TRUE
650251,LUKE 4.23,tawei,taujan,imperative,singular,FALSE,TRUE,NA,FALSE,NA,FALSE,NA,FALSE,FALSE,TRUE,TRUE
650436,LUKE 4.34,let,letan,imperative,singular,FALSE,TRUE,TRUE,FALSE,TRUE,FALSE,FALSE,FALSE,FALSE,NA,TRUE
650466,LUKE 4.35,afdobn,af-dobnan,imperative,singular,FALSE,NA,TRUE,FALSE,TRUE,FALSE,FALSE,FALSE,TRUE,TRUE,NA
650468,LUKE 4.35,usgagg,us-gaggan,imperative,singular,FALSE,TRUE,TRUE,FALSE,TRUE,FALSE,FALSE,FALSE,FALSE,TRUE,TRUE
650762,LUKE 5.4,brigg,briggan,imperative,singular,FALSE,TRUE,TRUE,FALSE,TRUE,FALSE,FALSE,FALSE,FALSE,TRUE,TRUE
650767,LUKE 5.4,athahid,at-hahan,imperative,plural,FALSE,TRUE,TRUE,FALSE,TRUE,FALSE,FALSE,FALSE,FALSE,TRUE,TRUE
761997,LUKE 5.8,usgagg,us-gaggan,imperative,singular,FALSE,TRUE,TRUE,FALSE,TRUE,FALSE,FALSE,FALSE,FALSE,TRUE,TRUE
650897,LUKE 5.10,ogs,ogan*,imperative,singular,TRUE,FALSE,TRUE,FALSE,TRUE,NA,FALSE,FALSE,TRUE,FALSE,FALSE
650963,LUKE 5.13,wairþ,wairþan,imperative,singular,FALSE,TRUE,TRUE,FALSE,TRUE,FALSE,FALSE,FALSE,TRUE,FALSE,TRUE
650984,LUKE 5.14,gagg,gaggan,imperative,singular,FALSE,TRUE,TRUE,FALSE,TRUE,FALSE,FALSE,FALSE,FALSE,TRUE,TRUE
650986,LUKE 5.14,ataugei,at-augjan,imperative,singular,FALSE,TRUE,TRUE,FALSE,TRUE,FALSE,FALSE,FALSE,FALSE,TRUE,TRUE
650991,LUKE 5.14,atbair,at-bairan,imperative,singular,FALSE,TRUE,TRUE,FALSE,TRUE,FALSE,FALSE,FALSE,FALSE,TRUE,TRUE
759848,LUKE 5.23,urreis,ur-reisan,imperative,singular,FALSE,TRUE,TRUE,FALSE,TRUE,FALSE,FALSE,FALSE,TRUE,TRUE,TRUE
759850,LUKE 5.23,gagg,gaggan,imperative,singular,FALSE,NA,TRUE,FALSE,TRUE,FALSE,FALSE,FALSE,FALSE,TRUE,TRUE
651215,LUKE 5.24,urreis,ur-reisan,imperative,singular,FALSE,TRUE,TRUE,FALSE,TRUE,FALSE,FALSE,FALSE,TRUE,TRUE,TRUE
651221,LUKE 5.24,gagg,gaggan,imperative,singular,FALSE,TRUE,TRUE,FALSE,TRUE,FALSE,FALSE,FALSE,FALSE,TRUE,TRUE
651284,LUKE 5.27,laistei,laistjan,imperative,singular,FALSE,TRUE,TRUE,FALSE,TRUE,NA,NA,FALSE,FALSE,TRUE,TRUE
651698,LUKE 6.8,urreis,ur-reisan,imperative,singular,FALSE,TRUE,TRUE,FALSE,TRUE,FALSE,FALSE,FALSE,TRUE,TRUE,TRUE
651700,LUKE 6.8,stand,standan,imperative,singular,FALSE,TRUE,TRUE,FALSE,TRUE,FALSE,FALSE,FALSE,FALSE,TRUE,NA
651742,LUKE 6.10,ufrakei,uf-rakjan,imperative,singular,FALSE,TRUE,TRUE,FALSE,TRUE,FALSE,FALSE,FALSE,FALSE,TRUE,TRUE
651990,LUKE 6.23,faginod,faginon,optative/imperative,plural,FALSE,FALSE,FALSE,FALSE,TRUE,NA,NA,FALSE,TRUE,FALSE,FALSE
651995,LUKE 6.23,laikid,laikan,imperative,plural,FALSE,TRUE,FALSE,FALSE,TRUE,NA,NA,NA,FALSE,TRUE,NA
652072,LUKE 6.27,frijod,frijon,optative,singular,FALSE,FALSE,NA,FALSE,FALSE,TRUE,NA,FALSE,TRUE,FALSE,FALSE
652078,LUKE 6.27,taujaid,taujan,imperative,plural,FALSE,NA,NA,FALSE,FALSE,TRUE,NA,FALSE,FALSE,TRUE,TRUE
652083,LUKE 6.28,þiuþjaiþ,þiuþjan,optative,plural,FALSE,NA,FALSE,FALSE,FALSE,TRUE,NA,FALSE,FALSE,TRUE,TRUE
652088,LUKE 6.28,bidjaid,bidjan,optative,plural,FALSE,NA,FALSE,FALSE,FALSE,TRUE,NA,FALSE,FALSE,NA,TRUE
652100,LUKE 6.29,galewei,ga-lewjan,imperative,singular,FALSE,TRUE,FALSE,FALSE,TRUE,TRUE,NA,FALSE,FALSE,TRUE,TRUE
652115,LUKE 6.29,warjais,warjan,optative,singular,TRUE,FALSE,FALSE,FALSE,TRUE,NA,NA,FALSE,FALSE,TRUE,TRUE
652121,LUKE 6.30,gif,giban,imperative,singular,FALSE,NA,FALSE,FALSE,NA,TRUE,NA,FALSE,FALSE,TRUE,TRUE
652128,LUKE 6.30,lausei,lausjan,imperative,singular,TRUE,FALSE,FALSE,FALSE,NA,TRUE,NA,FALSE,FALSE,NA,TRUE
652140,LUKE 6.31,taujaid,taujan,optative,plural,FALSE,NA,FALSE,FALSE,FALSE,TRUE,NA,FALSE,FALSE,TRUE,NA
652211,LUKE 6.35,frijod,frijon,optative/imperative,plural,FALSE,FALSE,FALSE,FALSE,FALSE,TRUE,NA,FALSE,TRUE,FALSE,FALSE
652217,LUKE 6.35,taujaid,taujan,optative,plural,FALSE,FALSE,FALSE,FALSE,FALSE,TRUE,NA,FALSE,FALSE,TRUE,NA
652219,LUKE 6.35,leiƕaid,leiƕan,optative,plural,FALSE,NA,FALSE,FALSE,FALSE,TRUE,NA,FALSE,FALSE,TRUE,TRUE
652244,LUKE 6.36,wairþaid,wairþan,optative,plural,FALSE,FALSE,FALSE,FALSE,FALSE,TRUE,NA,FALSE,TRUE,TRUE,FALSE
652256,LUKE 6.37,stojid,stojan,imperative,plural,TRUE,FALSE,FALSE,FALSE,FALSE,TRUE,NA,FALSE,FALSE,TRUE,FALSE
652263,LUKE 6.37,afdomjaid,af-domjan,optative,plural,TRUE,FALSE,FALSE,FALSE,FALSE,TRUE,NA,FALSE,FALSE,TRUE,TRUE
652269,LUKE 6.37,fraletaid,fra-letan,optative,plural,FALSE,NA,FALSE,FALSE,FALSE,TRUE,NA,FALSE,FALSE,TRUE,TRUE
760127,LUKE 6.38,gibaid,giban,optative,plural,FALSE,NA,FALSE,FALSE,FALSE,TRUE,NA,FALSE,FALSE,TRUE,TRUE
760176,LUKE 6.42,let,letan,imperative,singular,FALSE,TRUE,TRUE,FALSE,TRUE,FALSE,FALSE,FALSE,NA,NA,TRUE
652380,LUKE 6.42,uswairp,us-wairpan,imperative,singular,FALSE,TRUE,NA,FALSE,TRUE,NA,FALSE,FALSE,FALSE,TRUE,TRUE
652677,LUKE 7.6,draibei,draibjan,imperative,singular,TRUE,FALSE,TRUE,FALSE,TRUE,FALSE,FALSE,FALSE,NA,TRUE,FALSE
652701,LUKE 7.7,qiþ,qiþan,imperative,singular,FALSE,TRUE,TRUE,FALSE,TRUE,FALSE,FALSE,FALSE,FALSE,NA,TRUE
760288,LUKE 7.8,gagg,gaggan,imperative,singular,FALSE,TRUE,TRUE,FALSE,TRUE,FALSE,NA,FALSE,FALSE,TRUE,TRUE
760293,LUKE 7.8,qim,qiman,imperative,singular,FALSE,TRUE,TRUE,FALSE,TRUE,FALSE,NA,FALSE,FALSE,TRUE,TRUE
760302,LUKE 7.8,tawei,taujan,imperative,singular,FALSE,TRUE,TRUE,FALSE,TRUE,FALSE,NA,NA,NA,TRUE,TRUE
652866,LUKE 7.13,gret,gretan,imperative,singular,TRUE,FALSE,TRUE,FALSE,TRUE,FALSE,NA,TRUE,FALSE,NA,FALSE
652887,LUKE 7.14,urreis,ur-reisan,imperative,singular,FALSE,TRUE,TRUE,FALSE,TRUE,FALSE,FALSE,FALSE,FALSE,TRUE,TRUE
653027,LUKE 7.22,gateihats,ga-teihan,imperative,dual,FALSE,TRUE,NA,FALSE,TRUE,FALSE,FALSE,FALSE,FALSE,TRUE,TRUE
653420,LUKE 7.40,qiþ,qiþan,imperative,singular,FALSE,TRUE,TRUE,FALSE,TRUE,FALSE,FALSE,FALSE,FALSE,TRUE,TRUE
653612,LUKE 7.50,gagg,gaggan,imperative,singular,FALSE,NA,NA,FALSE,NA,NA,NA,FALSE,NA,TRUE,TRUE
653986,LUKE 8.18,saiƕiþ,saiƕan,imperative,plural,FALSE,FALSE,FALSE,FALSE,FALSE,TRUE,NA,FALSE,FALSE,TRUE,FALSE
654246,LUKE 8.28,balwjais,balwjan,optative,singular,TRUE,FALSE,NA,FALSE,NA,FALSE,FALSE,FALSE,FALSE,TRUE,FALSE
654473,LUKE 8.39,gawandei,ga-wandjan,imperative,singular,FALSE,TRUE,TRUE,FALSE,TRUE,FALSE,NA,FALSE,FALSE,TRUE,TRUE
654479,LUKE 8.39,usspillo,us-spillon,imperative,singular,FALSE,TRUE,NA,FALSE,NA,FALSE,NA,FALSE,FALSE,TRUE,TRUE
654693,LUKE 8.48,þrafstei,þrafstjan,imperative,singular,FALSE,NA,TRUE,FALSE,TRUE,NA,NA,FALSE,TRUE,NA,TRUE
654703,LUKE 8.48,gagg,gaggan,imperative,singular,FALSE,NA,NA,FALSE,NA,NA,NA,FALSE,NA,NA,NA
654727,LUKE 8.49,draibei,draibjan,imperative,singular,TRUE,FALSE,TRUE,FALSE,TRUE,NA,NA,FALSE,FALSE,TRUE,FALSE
654739,LUKE 8.50,faurhtei,faurhtjan,imperative,singular,TRUE,FALSE,TRUE,FALSE,TRUE,NA,NA,FALSE,TRUE,FALSE,FALSE
654742,LUKE 8.50,galaubei,ga-laubjan,imperative,singular,FALSE,NA,NA,FALSE,NA,NA,NA,FALSE,TRUE,FALSE,NA
654781,LUKE 8.52,gretiþ,gretan,imperative,plural,TRUE,FALSE,TRUE,FALSE,TRUE,NA,NA,NA,FALSE,NA,FALSE
654811,LUKE 8.54,urreis,ur-reisan,imperative,singular,FALSE,TRUE,TRUE,FALSE,TRUE,FALSE,NA,FALSE,FALSE,TRUE,TRUE
760769,LUKE 9.3,nimaiþ,niman,optative,plural,TRUE,FALSE,FALSE,NA,NA,FALSE,NA,FALSE,FALSE,TRUE,TRUE
760784,LUKE 9.3,haban,haban,infinitive,NA,TRUE,FALSE,FALSE,NA,NA,FALSE,NA,FALSE,TRUE,FALSE,NA
654906,LUKE 9.4,saljiþ,saljan-2,imperative,plural,FALSE,NA,FALSE,NA,NA,NA,NA,FALSE,NA,TRUE,FALSE
654929,LUKE 9.5,afhrisjaiþ,af-hrisjan,optative,plural,FALSE,TRUE,FALSE,FALSE,TRUE,TRUE,NA,TRUE,FALSE,TRUE,TRUE
655075,LUKE 9.12,fralet,fra-letan,imperative,singular,FALSE,TRUE,TRUE,FALSE,TRUE,FALSE,FALSE,FALSE,FALSE,TRUE,TRUE
655105,LUKE 9.13,gibiþ,giban,imperative,plural,FALSE,TRUE,TRUE,FALSE,TRUE,FALSE,FALSE,FALSE,FALSE,TRUE,TRUE
655151,LUKE 9.14,gawaurkeiþ,ga-waurkjan,imperative,plural,FALSE,TRUE,TRUE,FALSE,TRUE,FALSE,FALSE,FALSE,FALSE,TRUE,TRUE
655598,LUKE 9.35,hausjaiþ,hausjan,optative,plural,FALSE,FALSE,FALSE,FALSE,NA,TRUE,NA,FALSE,FALSE,TRUE,FALSE
655722,LUKE 9.41,attiuh,at-tiuhan,imperative,singular,FALSE,TRUE,TRUE,FALSE,TRUE,FALSE,FALSE,FALSE,FALSE,TRUE,TRUE
655808,LUKE 9.44,lagjiþ,lagjan,imperative,plural,FALSE,TRUE,TRUE,FALSE,TRUE,FALSE,FALSE,FALSE,FALSE,TRUE,TRUE
655949,LUKE 9.50,warjiþ,warjan,imperative,plural,TRUE,FALSE,FALSE,FALSE,FALSE,FALSE,NA,FALSE,FALSE,TRUE,TRUE
656132,LUKE 9.59,laistei,laistjan,imperative,singular,FALSE,NA,NA,FALSE,NA,NA,NA,FALSE,FALSE,TRUE,TRUE
656141,LUKE 9.59,uslaubei,us-laubjan,imperative,singular,FALSE,TRUE,TRUE,FALSE,TRUE,FALSE,NA,FALSE,FALSE,NA,TRUE
656156,LUKE 9.60,let,letan,imperative,singular,FALSE,TRUE,FALSE,FALSE,NA,TRUE,NA,FALSE,FALSE,NA,TRUE
656165,LUKE 9.60,gagg,gaggan,imperative,singular,FALSE,NA,TRUE,FALSE,TRUE,TRUE,NA,FALSE,FALSE,TRUE,TRUE
656167,LUKE 9.60,gaspillo,ga-spillon,imperative,singular,FALSE,NA,NA,FALSE,NA,TRUE,NA,FALSE,FALSE,TRUE,TRUE
656183,LUKE 9.61,uslaubei,us-laubjan,imperative,singular,FALSE,TRUE,TRUE,FALSE,TRUE,FALSE,FALSE,FALSE,FALSE,TRUE,TRUE
656257,LUKE 10.2,bidjiþ,bidjan,imperative,plural,FALSE,NA,NA,FALSE,NA,FALSE,NA,FALSE,FALSE,TRUE,NA
656269,LUKE 10.3,gaggiþ,gaggan,imperative,plural,FALSE,TRUE,TRUE,FALSE,TRUE,FALSE,NA,FALSE,FALSE,TRUE,TRUE
656282,LUKE 10.4,bairaiþ,bairan,optative,plural,TRUE,FALSE,FALSE,NA,NA,NA,NA,FALSE,FALSE,TRUE,TRUE
656293,LUKE 10.4,goljaiþ,goljan,optative,plural,TRUE,FALSE,FALSE,TRUE,NA,NA,NA,FALSE,FALSE,TRUE,TRUE
656301,LUKE 10.5,qiþaiþ,qiþan,optative,plural,FALSE,TRUE,FALSE,FALSE,TRUE,NA,TRUE,FALSE,FALSE,TRUE,TRUE
766462,LUKE 10.7,wisaiþ,wisan-3,optative,plural,FALSE,FALSE,FALSE,TRUE,NA,NA,NA,FALSE,TRUE,TRUE,NA
656349,LUKE 10.7,faraiþ,faran,optative,plural,TRUE,FALSE,FALSE,FALSE,FALSE,NA,NA,FALSE,FALSE,TRUE,TRUE
656364,LUKE 10.8,matjaiþ,matjan,optative,plural,FALSE,TRUE,FALSE,FALSE,TRUE,NA,TRUE,FALSE,FALSE,TRUE,TRUE
656370,LUKE 10.9,lekinoþ,lekinon,optative/imperative,plural,FALSE,TRUE,FALSE,FALSE,TRUE,NA,NA,FALSE,NA,TRUE,TRUE
656376,LUKE 10.9,qiþiþ,qiþan,imperative,plural,FALSE,TRUE,FALSE,FALSE,TRUE,NA,NA,FALSE,FALSE,TRUE,TRUE
656400,LUKE 10.10,qiþaiþ,qiþan,optative,plural,FALSE,TRUE,FALSE,FALSE,TRUE,NA,NA,FALSE,FALSE,TRUE,TRUE
656419,LUKE 10.11,witeiþ,witan-1,optative,plural,FALSE,FALSE,NA,FALSE,NA,TRUE,FALSE,FALSE,TRUE,FALSE,FALSE
656580,LUKE 10.20,faginoþ,faginon,optative/imperative,plural,TRUE,NA,TRUE,FALSE,TRUE,NA,NA,FALSE,TRUE,NA,NA
656589,LUKE 10.20,faginod,faginon,optative/imperative,plural,FALSE,NA,TRUE,FALSE,TRUE,TRUE,NA,FALSE,TRUE,NA,NA
656764,LUKE 10.27,frijos,frijon,optative,singular,FALSE,FALSE,NA,FALSE,NA,TRUE,NA,FALSE,TRUE,FALSE,NA
656804,LUKE 10.28,tawei,taujan,imperative,singular,FALSE,NA,NA,FALSE,NA,TRUE,NA,FALSE,FALSE,TRUE,TRUE
656860,LUKE 14.10,anakumbei,ana-kumbjan,imperative,singular,FALSE,TRUE,FALSE,FALSE,TRUE,NA,NA,FALSE,FALSE,TRUE,TRUE
656879,LUKE 14.10,usgagg,us-gaggan,imperative,singular,FALSE,TRUE,TRUE,FALSE,TRUE,NA,NA,FALSE,FALSE,TRUE,TRUE
656923,LUKE 14.12,haitais,haitan,optative,singular,TRUE,FALSE,FALSE,FALSE,TRUE,NA,NA,FALSE,FALSE,NA,TRUE
656953,LUKE 14.13,hait,haitan,imperative,singular,FALSE,TRUE,FALSE,FALSE,TRUE,NA,NA,FALSE,FALSE,NA,TRUE
657023,LUKE 14.17,gaggiþ,gaggan,imperative,plural,FALSE,TRUE,NA,FALSE,FALSE,FALSE,NA,FALSE,FALSE,TRUE,TRUE
657053,LUKE 14.18,habai,haban,imperative,singular,FALSE,TRUE,TRUE,FALSE,TRUE,FALSE,NA,FALSE,FALSE,NA,TRUE
657073,LUKE 14.19,habai,haban,imperative,singular,FALSE,TRUE,NA,FALSE,NA,FALSE,NA,FALSE,FALSE,TRUE,TRUE
657107,LUKE 14.21,usgagg,us-gaggan,imperative,singular,FALSE,NA,NA,FALSE,TRUE,FALSE,FALSE,FALSE,FALSE,TRUE,TRUE
657122,LUKE 14.21,attiuh,at-tiuhan,imperative,singular,FALSE,TRUE,NA,FALSE,TRUE,FALSE,FALSE,FALSE,FALSE,TRUE,TRUE
657149,LUKE 14.23,usgagg,us-gaggan,imperative,singular,FALSE,NA,NA,FALSE,TRUE,FALSE,FALSE,FALSE,FALSE,TRUE,TRUE
657155,LUKE 14.23,nauþei,nauþjan,imperative,singular,FALSE,NA,NA,FALSE,NA,FALSE,FALSE,FALSE,FALSE,TRUE,TRUE
657471,LUKE 15.6,faginoþ,faginon,optative/imperative,plural,FALSE,NA,NA,FALSE,TRUE,FALSE,NA,FALSE,TRUE,NA,TRUE
657537,LUKE 15.9,faginoþ,faginon,optative/imperative,plural,FALSE,NA,NA,FALSE,TRUE,FALSE,NA,FALSE,TRUE,NA,TRUE
657582,LUKE 15.12,gif,giban,imperative,singular,FALSE,TRUE,NA,FALSE,TRUE,FALSE,FALSE,FALSE,FALSE,TRUE,TRUE
657725,LUKE 15.19,gatawei,ga-taujan,imperative,singular,FALSE,TRUE,NA,FALSE,TRUE,FALSE,FALSE,FALSE,FALSE,TRUE,TRUE
657794,LUKE 15.22,bringiþ,briggan,imperative,plural,FALSE,TRUE,NA,FALSE,TRUE,FALSE,FALSE,FALSE,FALSE,TRUE,TRUE
657799,LUKE 15.22,gawasjiþ,ga-wasjan,imperative,plural,FALSE,TRUE,NA,FALSE,TRUE,FALSE,FALSE,FALSE,FALSE,TRUE,TRUE
657802,LUKE 15.22,gibiþ,giban,imperative,plural,FALSE,TRUE,NA,FALSE,TRUE,FALSE,FALSE,FALSE,FALSE,TRUE,TRUE
657818,LUKE 15.23,ufsneiþiþ,uf-sneiþan,imperative,plural,FALSE,TRUE,NA,FALSE,TRUE,FALSE,FALSE,FALSE,FALSE,TRUE,TRUE
658053,LUKE 16.2,usgif,us-giban,imperative,singular,FALSE,TRUE,NA,FALSE,TRUE,FALSE,FALSE,FALSE,FALSE,TRUE,TRUE
658139,LUKE 16.6,nim,niman,imperative,singular,FALSE,TRUE,NA,FALSE,TRUE,FALSE,FALSE,FALSE,FALSE,TRUE,TRUE
658145,LUKE 16.6,gamelei,ga-meljan,imperative,singular,FALSE,TRUE,NA,FALSE,TRUE,FALSE,FALSE,FALSE,FALSE,TRUE,TRUE
658175,LUKE 16.7,nim,niman,imperative,singular,FALSE,TRUE,NA,FALSE,TRUE,FALSE,FALSE,FALSE,FALSE,TRUE,TRUE
658179,LUKE 16.7,melei,meljan,imperative,singular,FALSE,TRUE,NA,FALSE,TRUE,FALSE,FALSE,FALSE,FALSE,TRUE,TRUE
658212,LUKE 16.9,taujaiþ,taujan,optative,plural,FALSE,TRUE,NA,FALSE,FALSE,TRUE,NA,FALSE,FALSE,TRUE,NA
658512,LUKE 17.3,gasak,ga-sakan,imperative,singular,FALSE,TRUE,FALSE,FALSE,TRUE,TRUE,NA,FALSE,FALSE,TRUE,TRUE
658521,LUKE 17.3,fraletais,fra-letan,optative,singular,FALSE,TRUE,FALSE,FALSE,TRUE,TRUE,NA,FALSE,FALSE,TRUE,TRUE
658546,LUKE 17.4,fraletais,fra-letan,optative,singular,FALSE,TRUE,FALSE,FALSE,TRUE,TRUE,NA,FALSE,FALSE,TRUE,TRUE
658555,LUKE 17.5,biauk,bi-aukan,imperative,singular,FALSE,TRUE,TRUE,FALSE,TRUE,TRUE,FALSE,FALSE,FALSE,TRUE,TRUE
658578,LUKE 17.6,uslausei,us-lausjan,imperative,singular,FALSE,TRUE,TRUE,FALSE,TRUE,FALSE,FALSE,FALSE,FALSE,TRUE,TRUE
658583,LUKE 17.6,ussatei,us-satjan,imperative,singular,FALSE,TRUE,TRUE,FALSE,TRUE,FALSE,FALSE,FALSE,FALSE,TRUE,TRUE
658609,LUKE 17.7,hindarleiþ,hindar-leiþan,imperative,singular,FALSE,TRUE,NA,FALSE,TRUE,FALSE,NA,FALSE,FALSE,TRUE,TRUE
658610,LUKE 17.7,an-kumbei,ana-kumbjan,imperative,singular,FALSE,TRUE,NA,FALSE,TRUE,FALSE,NA,FALSE,FALSE,TRUE,TRUE
658619,LUKE 17.8,manwei,manwjan,imperative,singular,FALSE,TRUE,NA,FALSE,TRUE,FALSE,NA,FALSE,FALSE,TRUE,TRUE
658626,LUKE 17.8,andbahtei,andbahtjan,imperative,singular,FALSE,FALSE,NA,NA,TRUE,FALSE,NA,FALSE,FALSE,TRUE,TRUE
658668,LUKE 17.10,qiþaiþ,qiþan,optative,plural,FALSE,TRUE,NA,FALSE,TRUE,TRUE,NA,FALSE,FALSE,TRUE,TRUE
658725,LUKE 17.13,armai,arman,imperative,singular,FALSE,TRUE,TRUE,FALSE,TRUE,FALSE,FALSE,FALSE,FALSE,TRUE,TRUE
658735,LUKE 17.14,ataugeiþ,at-augjan,imperative,plural,FALSE,TRUE,TRUE,FALSE,TRUE,FALSE,FALSE,FALSE,FALSE,TRUE,TRUE
658812,LUKE 17.19,gagg,gaggan,imperative,singular,FALSE,TRUE,TRUE,FALSE,TRUE,FALSE,FALSE,FALSE,FALSE,TRUE,TRUE
658893,LUKE 17.23,galeiþaiþ,ga-leiþan,optative,plural,TRUE,FALSE,NA,FALSE,TRUE,NA,NA,FALSE,FALSE,TRUE,TRUE
658895,LUKE 17.23,laistjaiþ,laistjan,optative,plural,TRUE,FALSE,FALSE,FALSE,TRUE,NA,NA,FALSE,FALSE,TRUE,TRUE
659049,LUKE 17.32,gamuneiþ,ga-munan,optative,plural,FALSE,FALSE,NA,FALSE,NA,NA,NA,FALSE,TRUE,TRUE,NA
659171,LUKE 18.3,fraweit,fra-weitan,imperative,singular,FALSE,TRUE,NA,FALSE,TRUE,FALSE,FALSE,FALSE,FALSE,TRUE,TRUE
659224,LUKE 18.6,hauseiþ,hausjan,imperative,plural,FALSE,NA,TRUE,FALSE,TRUE,FALSE,FALSE,FALSE,TRUE,FALSE,TRUE
659372,LUKE 18.13,sijais,wisan-1,optative,singular,FALSE,FALSE,NA,FALSE,TRUE,NA,FALSE,FALSE,TRUE,FALSE,FALSE
659429,LUKE 18.16,letiþ,letan,imperative,plural,FALSE,TRUE,TRUE,FALSE,NA,TRUE,NA,FALSE,FALSE,NA,TRUE
659437,LUKE 18.16,warjiþ,warjan,imperative,plural,TRUE,FALSE,TRUE,FALSE,NA,TRUE,NA,FALSE,FALSE,TRUE,TRUE
659505,LUKE 18.20,horinos,horinon,optative,singular,TRUE,FALSE,NA,FALSE,NA,TRUE,NA,FALSE,FALSE,TRUE,TRUE
659508,LUKE 18.20,maurþrjais,maurþrjan,optative,singular,TRUE,FALSE,NA,FALSE,NA,TRUE,NA,FALSE,FALSE,TRUE,TRUE
659511,LUKE 18.20,hlifais,hlifan,optative,singular,TRUE,FALSE,NA,FALSE,NA,TRUE,NA,FALSE,FALSE,TRUE,TRUE
659515,LUKE 18.20,sijais,wisan-1,optative,singular,TRUE,FALSE,NA,FALSE,NA,TRUE,NA,FALSE,TRUE,TRUE,NA
659517,LUKE 18.20,swerai,sweran,imperative,singular,FALSE,FALSE,NA,FALSE,NA,TRUE,NA,FALSE,NA,TRUE,NA
659552,LUKE 18.22,frabugei,fra-bugjan,imperative,singular,FALSE,TRUE,FALSE,FALSE,TRUE,NA,NA,FALSE,FALSE,TRUE,TRUE
659554,LUKE 18.22,gadailei,ga-dailjan,imperative,singular,FALSE,TRUE,FALSE,FALSE,TRUE,NA,NA,FALSE,FALSE,TRUE,TRUE
659804,LUKE 18.38,armai,arman,imperative,singular,FALSE,NA,TRUE,FALSE,NA,NA,NA,FALSE,TRUE,TRUE,NA
659825,LUKE 18.39,armai,arman,imperative,singular,FALSE,NA,TRUE,FALSE,NA,NA,NA,FALSE,TRUE,TRUE,NA
659868,LUKE 18.42,ussaiƕ,us-saiƕan,imperative,singular,FALSE,TRUE,TRUE,FALSE,TRUE,FALSE,FALSE,FALSE,FALSE,TRUE,TRUE
659971,LUKE 19.5,atsteig,at-steigan,imperative,singular,FALSE,TRUE,TRUE,FALSE,TRUE,FALSE,FALSE,FALSE,FALSE,TRUE,TRUE
660119,LUKE 19.13,kaupoþ,kaupon,optative/imperative,plural,FALSE,FALSE,NA,TRUE,TRUE,FALSE,NA,NA,FALSE,TRUE,NA
660202,LUKE 19.17,sijais,wisan-1,optative,singular,FALSE,FALSE,TRUE,FALSE,TRUE,TRUE,NA,FALSE,TRUE,FALSE,FALSE
660230,LUKE 19.19,sijais,wisan-1,optative,singular,FALSE,FALSE,TRUE,FALSE,TRUE,TRUE,NA,FALSE,TRUE,FALSE,FALSE
660330,LUKE 19.24,nimiþ,niman,imperative,plural,FALSE,TRUE,TRUE,FALSE,TRUE,FALSE,FALSE,FALSE,FALSE,TRUE,TRUE
660336,LUKE 19.24,gibiþ,giban,imperative,plural,FALSE,TRUE,TRUE,FALSE,TRUE,FALSE,FALSE,FALSE,FALSE,TRUE,TRUE
660387,LUKE 19.27,briggiþ,briggan,imperative,plural,FALSE,TRUE,TRUE,FALSE,TRUE,FALSE,FALSE,FALSE,FALSE,TRUE,TRUE
660390,LUKE 19.27,usqimiþ,us-qiman,imperative,plural,FALSE,TRUE,TRUE,FALSE,TRUE,FALSE,FALSE,FALSE,FALSE,TRUE,TRUE
660426,LUKE 19.30,gaggats,gaggan,imperative,dual,FALSE,TRUE,TRUE,FALSE,TRUE,FALSE,FALSE,FALSE,FALSE,TRUE,TRUE
660450,LUKE 19.30,attiuhiþ,at-tiuhan,imperative,plural,FALSE,TRUE,FALSE,FALSE,TRUE,FALSE,FALSE,FALSE,FALSE,TRUE,TRUE
763038,LUKE 19.31,qiþaits,qiþan,optative,dual,FALSE,TRUE,FALSE,FALSE,TRUE,FALSE,FALSE,FALSE,FALSE,TRUE,TRUE
660589,LUKE 19.39,sak,sakan,imperative,singular,FALSE,TRUE,TRUE,FALSE,TRUE,FALSE,FALSE,FALSE,FALSE,TRUE,TRUE
660794,LUKE 20.2,qiþ,qiþan,imperative,singular,FALSE,TRUE,TRUE,FALSE,TRUE,FALSE,FALSE,FALSE,FALSE,TRUE,TRUE
660825,LUKE 20.3,qiþiþ,qiþan,imperative,plural,FALSE,TRUE,NA,FALSE,TRUE,FALSE,FALSE,FALSE,FALSE,TRUE,TRUE
661202,LUKE 20.24,ataugeiþ,at-augjan,imperative,plural,FALSE,TRUE,TRUE,FALSE,TRUE,FALSE,FALSE,FALSE,FALSE,TRUE,TRUE
661225,LUKE 20.25,us-gibiþ,us-giban,imperative,plural,FALSE,TRUE,FALSE,FALSE,FALSE,TRUE,NA,FALSE,FALSE,TRUE,TRUE
661500,LUKE 20.42,sit,sitan,imperative,singular,FALSE,NA,NA,NA,NA,NA,NA,FALSE,NA,TRUE,NA
661535,LUKE 20.46,atsaiƕiþ,at-saiƕan,imperative,plural,FALSE,NA,FALSE,FALSE,FALSE,TRUE,NA,FALSE,TRUE,TRUE,NA
625566,JOHN 6.10,waurkeiþ,waurkjan,imperative,plural,FALSE,TRUE,TRUE,FALSE,TRUE,FALSE,FALSE,FALSE,FALSE,TRUE,TRUE
625621,JOHN 6.12,galisiþ,ga-lisan,imperative,plural,FALSE,TRUE,TRUE,FALSE,TRUE,FALSE,FALSE,FALSE,FALSE,TRUE,TRUE
851175,JOHN 6.20,ogeiþ,ogan*,optative,plural,TRUE,FALSE,TRUE,FALSE,TRUE,FALSE,FALSE,FALSE,TRUE,FALSE,FALSE
625911,JOHN 6.27,waurkjaiþ,waurkjan,optative,plural,TRUE,FALSE,FALSE,FALSE,NA,TRUE,NA,FALSE,FALSE,TRUE,NA
626060,JOHN 6.34,gif,giban,imperative,singular,FALSE,TRUE,FALSE,TRUE,NA,TRUE,TRUE,FALSE,FALSE,TRUE,TRUE
626223,JOHN 6.43,birodeiþ,bi-rodjan,imperative,plural,TRUE,FALSE,TRUE,FALSE,TRUE,NA,NA,FALSE,FALSE,TRUE,TRUE
626794,JOHN 7.3,usleiþ,us-leiþan,imperative,singular,FALSE,TRUE,TRUE,FALSE,TRUE,FALSE,FALSE,FALSE,FALSE,TRUE,TRUE
626797,JOHN 7.3,gagg,gaggan,imperative,singular,FALSE,TRUE,TRUE,FALSE,TRUE,FALSE,FALSE,FALSE,FALSE,TRUE,TRUE
626830,JOHN 7.4,bairhtei,bairhtjan,imperative,singular,FALSE,TRUE,FALSE,FALSE,NA,TRUE,NA,FALSE,FALSE,NA,TRUE
626885,JOHN 7.8,galeiþiþ,ga-leiþan,imperative,plural,FALSE,TRUE,TRUE,FALSE,TRUE,FALSE,FALSE,FALSE,FALSE,TRUE,TRUE
627177,JOHN 7.24,stojaiþ,stojan,optative,plural,TRUE,FALSE,FALSE,FALSE,FALSE,TRUE,NA,FALSE,NA,TRUE,FALSE
627185,JOHN 7.24,stojaiþ,stojan,optative,plural,FALSE,FALSE,FALSE,FALSE,FALSE,TRUE,NA,FALSE,NA,TRUE,FALSE
627718,JOHN 7.52,ussokei,us-sokjan,imperative,singular,FALSE,TRUE,TRUE,FALSE,TRUE,FALSE,FALSE,FALSE,FALSE,TRUE,TRUE
627720,JOHN 7.52,saiƕ,saiƕan,imperative,singular,FALSE,FALSE,TRUE,FALSE,TRUE,FALSE,NA,FALSE,NA,FALSE,FALSE
628874,JOHN 9.7,gagg,gaggan,imperative,singular,FALSE,TRUE,TRUE,FALSE,TRUE,FALSE,FALSE,FALSE,FALSE,TRUE,TRUE
628965,JOHN 9.11,gagg,gaggan,imperative,singular,FALSE,TRUE,TRUE,FALSE,TRUE,FALSE,FALSE,FALSE,FALSE,TRUE,TRUE
851097,JOHN 9.21,fraihniþ,fraihnan,imperative,plural,FALSE,TRUE,TRUE,FALSE,TRUE,FALSE,FALSE,FALSE,FALSE,TRUE,TRUE
851090,JOHN 9.23,fraihniþ,fraihnan,imperative,plural,FALSE,TRUE,TRUE,FALSE,TRUE,FALSE,FALSE,FALSE,FALSE,TRUE,TRUE
629262,JOHN 9.24,gif,giban,imperative,singular,FALSE,NA,NA,NA,NA,NA,NA,FALSE,FALSE,TRUE,TRUE
630046,JOHN 10.24,qiþ,qiþan,imperative,singular,FALSE,TRUE,TRUE,FALSE,TRUE,FALSE,FALSE,FALSE,FALSE,TRUE,TRUE
630277,JOHN 10.37,galaubeiþ,ga-laubjan,imperative,plural,TRUE,FALSE,FALSE,FALSE,TRUE,NA,NA,FALSE,TRUE,FALSE,FALSE
630290,JOHN 10.38,galaubjaiþ,ga-laubjan,optative,plural,FALSE,FALSE,FALSE,FALSE,TRUE,NA,NA,FALSE,TRUE,FALSE,FALSE
630979,JOHN 11.34,saiƕ,saiƕan,imperative,singular,FALSE,NA,TRUE,FALSE,TRUE,FALSE,FALSE,FALSE,NA,FALSE,NA
631041,JOHN 11.39,afnimiþ,af-niman,imperative,plural,FALSE,TRUE,TRUE,FALSE,TRUE,FALSE,FALSE,FALSE,NA,TRUE,TRUE
631159,JOHN 11.44,andbindiþ,and-bindan,imperative,plural,FALSE,TRUE,TRUE,FALSE,TRUE,FALSE,FALSE,FALSE,FALSE,TRUE,TRUE
631162,JOHN 11.44,letiþ,letan,imperative,plural,FALSE,TRUE,TRUE,FALSE,TRUE,FALSE,FALSE,FALSE,NA,NA,TRUE
631330,JOHN 12.7,let,letan,imperative,singular,FALSE,FALSE,TRUE,FALSE,TRUE,NA,NA,FALSE,TRUE,NA,FALSE
631459,JOHN 12.15,ogs,ogan*,imperative,singular,TRUE,FALSE,NA,FALSE,NA,NA,NA,FALSE,TRUE,FALSE,FALSE
631713,JOHN 12.27,nasei,nasjan,imperative,singular,FALSE,TRUE,NA,FALSE,NA,FALSE,FALSE,FALSE,FALSE,TRUE,TRUE
631728,JOHN 12.28,hauhei,hauhjan,imperative,singular,FALSE,TRUE,NA,FALSE,NA,TRUE,NA,FALSE,NA,NA,TRUE
631862,JOHN 12.35,gaggiþ,gaggan,imperative,plural,FALSE,FALSE,FALSE,TRUE,TRUE,FALSE,NA,FALSE,FALSE,TRUE,NA
631888,JOHN 12.36,galaubeiþ,ga-laubjan,imperative,plural,FALSE,NA,FALSE,TRUE,TRUE,FALSE,FALSE,FALSE,NA,NA,NA
632445,JOHN 13.27,tawei,taujan,imperative,singular,FALSE,TRUE,TRUE,FALSE,TRUE,NA,NA,FALSE,FALSE,TRUE,TRUE
632474,JOHN 13.29,bugei,bugjan,imperative,singular,FALSE,TRUE,TRUE,FALSE,TRUE,FALSE,FALSE,FALSE,FALSE,TRUE,TRUE
632696,JOHN 14.1,galaubeiþ,ga-laubjan,imperative,plural,FALSE,FALSE,TRUE,FALSE,TRUE,TRUE,NA,FALSE,TRUE,NA,FALSE
632702,JOHN 14.1,galaubeiþ,ga-laubjan,imperative,plural,FALSE,FALSE,TRUE,FALSE,TRUE,TRUE,NA,FALSE,TRUE,NA,FALSE
632835,JOHN 14.8,augei,augjan,imperative,singular,FALSE,TRUE,TRUE,FALSE,TRUE,FALSE,FALSE,FALSE,FALSE,TRUE,TRUE
632874,JOHN 14.9,augei,augjan,imperative,singular,FALSE,TRUE,TRUE,FALSE,TRUE,FALSE,FALSE,FALSE,FALSE,TRUE,TRUE
632916,JOHN 14.11,Galaubeiþ,ga-laubjan,imperative,plural,FALSE,FALSE,TRUE,FALSE,TRUE,TRUE,NA,FALSE,TRUE,NA,NA
632935,JOHN 14.11,galaubeiþ,ga-laubjan,imperative,plural,FALSE,FALSE,TRUE,FALSE,TRUE,TRUE,NA,FALSE,TRUE,NA,NA
633374,JOHN 14.31,urreisiþ,ur-reisan,imperative,plural,FALSE,TRUE,TRUE,FALSE,TRUE,FALSE,FALSE,FALSE,FALSE,TRUE,TRUE
633427,JOHN 15.4,wisaiþ,wisan-3,optative,plural,FALSE,FALSE,NA,FALSE,TRUE,TRUE,FALSE,FALSE,TRUE,FALSE,FALSE
633531,JOHN 15.7,bidjiþ,bidjan,imperative,plural,FALSE,TRUE,FALSE,FALSE,TRUE,TRUE,FALSE,FALSE,FALSE,TRUE,TRUE
633563,JOHN 15.9,wisaiþ,wisan-3,optative,plural,FALSE,FALSE,NA,FALSE,TRUE,TRUE,FALSE,FALSE,TRUE,FALSE,FALSE
633734,JOHN 15.18,kunneiþ,kunnan-1,optative,plural,FALSE,FALSE,FALSE,FALSE,TRUE,TRUE,FALSE,FALSE,TRUE,NA,FALSE
633774,JOHN 15.20,gamuneiþ,ga-munan,optative,plural,FALSE,FALSE,NA,FALSE,NA,TRUE,FALSE,FALSE,TRUE,NA,FALSE
634428,JOHN 16.24,bidjaiþ,bidjan,optative,plural,FALSE,TRUE,NA,FALSE,TRUE,NA,FALSE,FALSE,FALSE,TRUE,TRUE
634614,JOHN 16.33,þrafsteiþ,þrafstjan,imperative,plural,FALSE,TRUE,NA,FALSE,NA,NA,FALSE,FALSE,FALSE,TRUE,TRUE
634639,JOHN 17.1,hauhei,hauhjan,imperative,singular,FALSE,TRUE,TRUE,FALSE,TRUE,NA,NA,FALSE,NA,TRUE,TRUE
634703,JOHN 17.5,hauhei,hauhjan,imperative,singular,FALSE,TRUE,TRUE,FALSE,TRUE,NA,NA,FALSE,NA,TRUE,TRUE
634848,JOHN 17.11,fastai,fastan,imperative,singular,FALSE,FALSE,NA,FALSE,NA,TRUE,NA,FALSE,FALSE,NA,FALSE
634980,JOHN 17.17,weihai,weihan-2,imperative,singular,FALSE,TRUE,TRUE,FALSE,TRUE,NA,NA,FALSE,FALSE,TRUE,TRUE
635355,JOHN 18.8,letiþ,letan,imperative,plural,FALSE,TRUE,TRUE,FALSE,TRUE,FALSE,NA,FALSE,FALSE,NA,TRUE
635409,JOHN 18.11,lagei,lagjan,imperative,singular,FALSE,TRUE,TRUE,FALSE,TRUE,NA,FALSE,FALSE,FALSE,TRUE,TRUE
635630,JOHN 18.21,fraihn,fraihnan,imperative,singular,FALSE,TRUE,TRUE,FALSE,TRUE,FALSE,NA,FALSE,FALSE,TRUE,TRUE
635675,JOHN 18.23,weitwodei,weitwodjan,imperative,singular,FALSE,TRUE,TRUE,FALSE,TRUE,FALSE,FALSE,FALSE,FALSE,TRUE,TRUE
635835,JOHN 18.31,nimiþ,niman,imperative,plural,FALSE,TRUE,TRUE,FALSE,TRUE,FALSE,FALSE,FALSE,FALSE,TRUE,TRUE
635842,JOHN 18.31,stojiþ,stojan,imperative,plural,FALSE,TRUE,TRUE,FALSE,TRUE,NA,FALSE,FALSE,FALSE,NA,TRUE
636184,JOHN 19.6,ushramei,us-hramjan,imperative,singular,FALSE,TRUE,TRUE,FALSE,TRUE,FALSE,FALSE,FALSE,FALSE,TRUE,TRUE
636186,JOHN 19.6,ushramei,us-hramjan,imperative,singular,FALSE,TRUE,TRUE,FALSE,TRUE,FALSE,FALSE,FALSE,FALSE,TRUE,TRUE
636193,JOHN 19.6,nimiþ,niman,imperative,plural,FALSE,TRUE,TRUE,FALSE,TRUE,FALSE,FALSE,FALSE,FALSE,TRUE,TRUE
636197,JOHN 19.6,hramjiþ,hramjan,imperative,plural,FALSE,TRUE,TRUE,FALSE,TRUE,FALSE,FALSE,FALSE,FALSE,TRUE,TRUE
636542,ROM 7.7,gairnjais,gairnjan,optative,singular,TRUE,FALSE,NA,FALSE,NA,TRUE,NA,FALSE,FALSE,NA,FALSE
637790,ROM 10.6,qiþais,qiþan,optative,singular,TRUE,FALSE,NA,FALSE,NA,TRUE,NA,FALSE,FALSE,TRUE,TRUE
638222,ROM 11.18,ƕop,ƕopan,imperative,singular,TRUE,FALSE,FALSE,FALSE,NA,TRUE,NA,FALSE,FALSE,TRUE,FALSE
638263,ROM 11.20,hugei,hugjan,imperative,singular,TRUE,FALSE,FALSE,FALSE,FALSE,NA,NA,FALSE,FALSE,FALSE,FALSE
638267,ROM 11.20,ogs,ogan*,imperative,singular,FALSE,FALSE,FALSE,FALSE,FALSE,NA,NA,FALSE,TRUE,FALSE,FALSE
638565,ROM 12.2,galeikoþ,gáleikon,optative/imperative,plural,TRUE,FALSE,NA,FALSE,FALSE,NA,NA,FALSE,TRUE,TRUE,TRUE
638571,ROM 12.2,inmaidjaiþ,in-maidjan,optative,plural,FALSE,TRUE,NA,FALSE,FALSE,NA,NA,FALSE,TRUE,TRUE,TRUE
638677,ROM 12.9,fiandans,fijan,participle,plural,FALSE,FALSE,NA,FALSE,FALSE,TRUE,NA,FALSE,TRUE,FALSE,FALSE
638680,ROM 12.9,haftjandans,haftjan,participle,plural,FALSE,FALSE,NA,FALSE,FALSE,TRUE,NA,FALSE,FALSE,TRUE,TRUE
638692,ROM 12.10,faurarahnjandans,faura-rahnjan,participle,plural,FALSE,FALSE,NA,FALSE,FALSE,TRUE,NA,FALSE,FALSE,TRUE,TRUE
638699,ROM 12.11,wulandans,wulan,participle,plural,FALSE,FALSE,NA,FALSE,FALSE,TRUE,NA,FALSE,FALSE,NA,TRUE
638702,ROM 12.11,skalkinondans,skalkinon,participle,plural,FALSE,FALSE,NA,FALSE,FALSE,TRUE,NA,FALSE,FALSE,TRUE,FALSE
638705,ROM 12.12,faginondans,faginon,participle,plural,FALSE,FALSE,NA,FALSE,FALSE,TRUE,NA,FALSE,TRUE,FALSE,FALSE
638708,ROM 12.12,usþulandans,us-þulan,participle,plural,FALSE,FALSE,NA,FALSE,FALSE,TRUE,NA,FALSE,FALSE,TRUE,FALSE
638711,ROM 12.12,haftjandans,haftjan,participle,plural,FALSE,FALSE,NA,FALSE,FALSE,TRUE,NA,FALSE,FALSE,TRUE,TRUE
638715,ROM 12.13,gamainjandans,gámainjan,participle,plural,FALSE,FALSE,NA,FALSE,FALSE,TRUE,NA,FALSE,FALSE,TRUE,TRUE
638718,ROM 12.13,galaistjandans,ga-laistjan,participle,plural,FALSE,FALSE,NA,FALSE,FALSE,TRUE,NA,FALSE,FALSE,TRUE,TRUE
638720,ROM 12.14,þiuþjaiþ,þiuþjan,optative,plural,FALSE,TRUE,NA,FALSE,TRUE,TRUE,NA,FALSE,FALSE,TRUE,TRUE
638725,ROM 12.14,þiuþjaiþ,þiuþjan,optative,plural,FALSE,TRUE,NA,FALSE,TRUE,TRUE,NA,FALSE,FALSE,TRUE,TRUE
638728,ROM 12.14,unþiuþjaiþ,un-þiuþjan,optative,plural,TRUE,FALSE,NA,FALSE,TRUE,TRUE,NA,FALSE,FALSE,TRUE,TRUE
638730,ROM 12.15,faginon,faginon,infinitive,NA,FALSE,FALSE,NA,FALSE,FALSE,TRUE,NA,FALSE,TRUE,FALSE,FALSE
638734,ROM 12.15,gretan,gretan,infinitive,NA,FALSE,FALSE,NA,FALSE,FALSE,TRUE,NA,FALSE,FALSE,TRUE,FALSE
638743,ROM 12.16,fraþjandans,fraþjan,participle,plural,FALSE,FALSE,NA,FALSE,FALSE,TRUE,NA,FALSE,TRUE,TRUE,TRUE
638747,ROM 12.16,hugjandans,hugjan,participle,plural,TRUE,FALSE,NA,FALSE,FALSE,TRUE,NA,FALSE,TRUE,FALSE,FALSE
638752,ROM 12.16,miþgawisandans,miþ-gawisan,participle,plural,FALSE,FALSE,NA,FALSE,FALSE,TRUE,NA,FALSE,FALSE,TRUE,TRUE
638755,ROM 12.16,wairþaiþ,wairþan,optative,plural,TRUE,FALSE,NA,FALSE,FALSE,TRUE,NA,FALSE,NA,TRUE,NA
638766,ROM 12.17,usgibandans,us-giban,participle,plural,TRUE,FALSE,NA,FALSE,FALSE,TRUE,NA,FALSE,FALSE,TRUE,TRUE
638768,ROM 12.17,bisaiƕandans,bi-saiƕan,participle,plural,FALSE,FALSE,NA,FALSE,FALSE,TRUE,NA,FALSE,FALSE,TRUE,FALSE
638793,ROM 12.18,habandans,haban,participle,plural,FALSE,FALSE,NA,FALSE,FALSE,TRUE,NA,FALSE,TRUE,TRUE,FALSE
638798,ROM 12.19,gawrikandans,ga-wrikan,participle,plural,TRUE,FALSE,NA,FALSE,FALSE,TRUE,NA,FALSE,FALSE,TRUE,TRUE
638803,ROM 12.19,gibiþ,giban,imperative,plural,FALSE,FALSE,NA,FALSE,FALSE,TRUE,NA,FALSE,FALSE,TRUE,TRUE
638827,ROM 12.20,gif,giban,imperative,singular,FALSE,TRUE,NA,FALSE,TRUE,TRUE,NA,FALSE,FALSE,TRUE,TRUE
638834,ROM 12.20,dragkei,dragkjan,imperative,singular,FALSE,TRUE,NA,FALSE,TRUE,TRUE,NA,FALSE,FALSE,TRUE,TRUE
638848,ROM 12.21,gajiukaizau,ga-jiukan,optative,singular,TRUE,FALSE,NA,FALSE,FALSE,TRUE,NA,FALSE,FALSE,NA,TRUE
638853,ROM 12.21,gajiukais,ga-jiukan,optative,singular,FALSE,TRUE,NA,FALSE,FALSE,TRUE,NA,FALSE,FALSE,TRUE,TRUE
638915,ROM 13.3,taujais,taujan,optative,singular,FALSE,FALSE,NA,FALSE,TRUE,TRUE,NA,FALSE,FALSE,TRUE,TRUE
638935,ROM 13.4,ogs,ogan*,imperative,singular,FALSE,FALSE,NA,FALSE,TRUE,TRUE,NA,FALSE,NA,FALSE,FALSE
638957,ROM 13.5,ufhausjaiþ,uf-hausjan,optative,plural,FALSE,FALSE,FALSE,FALSE,FALSE,TRUE,NA,FALSE,FALSE,TRUE,TRUE
638985,ROM 13.7,usgibiþ,us-giban,imperative,plural,FALSE,TRUE,NA,FALSE,FALSE,TRUE,NA,FALSE,FALSE,TRUE,TRUE
639010,ROM 13.8,sijaiþ,wisan-1,optative,plural,TRUE,FALSE,FALSE,FALSE,FALSE,TRUE,NA,FALSE,TRUE,TRUE,TRUE
639030,ROM 13.9,horinos,horinon,optative,singular,TRUE,FALSE,NA,FALSE,FALSE,TRUE,NA,FALSE,FALSE,TRUE,TRUE
639033,ROM 13.9,maurþrjais,maurþrjan,optative,singular,TRUE,FALSE,NA,FALSE,FALSE,TRUE,NA,FALSE,FALSE,TRUE,TRUE
639036,ROM 13.9,hlifais,hlifan,optative,singular,TRUE,FALSE,NA,FALSE,FALSE,TRUE,NA,FALSE,FALSE,TRUE,TRUE
639039,ROM 13.9,faihugeigais,faihu-geigan,optative,singular,TRUE,FALSE,NA,FALSE,FALSE,TRUE,NA,FALSE,FALSE,NA,FALSE
639055,ROM 13.9,frijos,frijon,optative,singular,FALSE,FALSE,NA,FALSE,FALSE,TRUE,NA,FALSE,TRUE,FALSE,FALSE
639138,ROM 13.14,gahamoþ,ga-hamon,optative/imperative,plural,FALSE,TRUE,FALSE,FALSE,FALSE,TRUE,NA,FALSE,FALSE,TRUE,TRUE
639147,ROM 13.14,taujaiþ,taujan,optative,plural,TRUE,FALSE,FALSE,FALSE,FALSE,TRUE,NA,FALSE,NA,NA,TRUE
639154,ROM 14.1,andnimaiþ,and-niman,optative,plural,FALSE,TRUE,FALSE,FALSE,NA,TRUE,NA,FALSE,FALSE,NA,TRUE
639300,ROM 14.13,stojaiþ,stojan,optative,plural,NA,NA,FALSE,FALSE,FALSE,TRUE,NA,FALSE,NA,TRUE,NA
639356,ROM 14.15,fraqistjais,fra-qistjan,optative,singular,TRUE,NA,FALSE,FALSE,NA,TRUE,NA,FALSE,FALSE,TRUE,TRUE
639421,ROM 14.20,gatair,ga-tairan,imperative,singular,TRUE,NA,FALSE,FALSE,FALSE,TRUE,NA,FALSE,FALSE,TRUE,TRUE
639487,ROM 15.7,andnimaiþ,and-niman,optative,plural,FALSE,TRUE,FALSE,FALSE,FALSE,TRUE,NA,FALSE,NA,TRUE,TRUE
639543,ROM 15.10,sifaiþ,sifan,optative/imperative,plural,FALSE,FALSE,NA,FALSE,NA,NA,NA,FALSE,NA,FALSE,FALSE
639553,ROM 15.11,hazjiþ,hazjan,imperative,plural,FALSE,TRUE,NA,FALSE,NA,NA,NA,FALSE,FALSE,TRUE,TRUE
668678,1COR 5.7,ushraineiþ,us-hrainjan,imperative,plural,FALSE,TRUE,FALSE,FALSE,FALSE,TRUE,NA,FALSE,FALSE,TRUE,TRUE
668730,1COR 5.9,blandaiþ,blandan,optative,plural,TRUE,FALSE,FALSE,FALSE,FALSE,TRUE,NA,FALSE,NA,TRUE,FALSE
668807,1COR 5.13,usnimiþ,us-niman,imperative,plural,FALSE,TRUE,NA,FALSE,NA,TRUE,NA,FALSE,FALSE,TRUE,TRUE
669161,1COR 7.21,karos,karon,optative,singular,TRUE,FALSE,FALSE,FALSE,TRUE,TRUE,NA,FALSE,TRUE,FALSE,FALSE
669170,1COR 7.21,brukei,brūkjan,imperative,singular,FALSE,TRUE,NA,FALSE,TRUE,TRUE,NA,FALSE,FALSE,TRUE,TRUE
669199,1COR 7.23,wairþaiþ,wairþan,optative,plural,TRUE,FALSE,FALSE,FALSE,FALSE,TRUE,NA,FALSE,TRUE,TRUE,TRUE
669258,1COR 7.27,sokei,sokjan,imperative,singular,TRUE,FALSE,FALSE,FALSE,NA,TRUE,NA,FALSE,FALSE,TRUE,TRUE
669266,1COR 7.27,sokei,sokjan,imperative,singular,TRUE,FALSE,FALSE,FALSE,NA,TRUE,NA,FALSE,FALSE,TRUE,TRUE
669506,1COR 9.9,faurmuljais,faur-mūljan,optative,singular,TRUE,FALSE,NA,TRUE,NA,NA,NA,FALSE,FALSE,TRUE,TRUE
669620,1COR 9.24,rinnaiþ,rinnan,optative,plural,FALSE,FALSE,FALSE,FALSE,TRUE,TRUE,NA,FALSE,NA,TRUE,NA
669733,1COR 10.15,domeiþ,domjan,imperative,plural,FALSE,TRUE,NA,FALSE,NA,NA,NA,FALSE,FALSE,TRUE,TRUE
669779,1COR 10.18,saiƕiþ,saiƕan,imperative,plural,FALSE,TRUE,TRUE,FALSE,TRUE,FALSE,FALSE,FALSE,NA,TRUE,TRUE
669894,1COR 10.25,matjaiþ,matjan,optative,plural,FALSE,TRUE,FALSE,FALSE,TRUE,TRUE,NA,FALSE,FALSE,TRUE,TRUE
669925,1COR 10.27,matjaiþ,matjan,optative,plural,FALSE,TRUE,FALSE,FALSE,TRUE,TRUE,NA,FALSE,FALSE,TRUE,TRUE
669943,1COR 10.28,matjaiþ,matjan,optative,plural,TRUE,FALSE,FALSE,FALSE,TRUE,TRUE,NA,FALSE,FALSE,TRUE,TRUE
670003,1COR 10.31,taujaiþ,taujan,optative,plural,FALSE,NA,FALSE,FALSE,FALSE,TRUE,NA,FALSE,NA,TRUE,NA
670006,1COR 10.32,sijaiþ,wisan-1,optative,plural,FALSE,FALSE,FALSE,FALSE,FALSE,TRUE,NA,FALSE,TRUE,TRUE,FALSE
670038,1COR 11.1,wairþaiþ,wairþan,optative,plural,FALSE,NA,FALSE,FALSE,FALSE,TRUE,NA,FALSE,TRUE,TRUE,TRUE
670215,1COR 11.24,nimiþ,niman,imperative,plural,FALSE,TRUE,TRUE,FALSE,TRUE,TRUE,TRUE,FALSE,FALSE,TRUE,TRUE
670217,1COR 11.24,matjiþ,matjan,imperative,plural,FALSE,TRUE,TRUE,FALSE,TRUE,TRUE,TRUE,FALSE,FALSE,TRUE,TRUE
670782,1COR 14.20,sijaiþ,wisan-1,optative,plural,FALSE,FALSE,FALSE,FALSE,FALSE,TRUE,NA,FALSE,TRUE,TRUE,NA
671484,1COR 15.33,afairzjaindau,af-airzjan,optative,plural,TRUE,FALSE,FALSE,FALSE,FALSE,TRUE,NA,FALSE,NA,TRUE,TRUE
671492,1COR 15.34,usskarjiþ,us-skarjan,imperative,plural,FALSE,NA,NA,FALSE,NA,NA,NA,NA,NA,NA,NA
671497,1COR 15.34,frawaurkjaid,fra-waurkjan,optative,plural,TRUE,FALSE,TRUE,FALSE,TRUE,TRUE,NA,FALSE,FALSE,TRUE,TRUE
671705,1COR 15.58,wairþiþ,wairþan,imperative,plural,FALSE,TRUE,FALSE,FALSE,FALSE,NA,NA,FALSE,TRUE,NA,TRUE
671739,1COR 16.1,taujiþ,taujan,imperative,plural,FALSE,NA,FALSE,FALSE,NA,TRUE,NA,FALSE,FALSE,TRUE,NA
671868,1COR 16.10,saiƕiþ,saiƕan,imperative,plural,FALSE,FALSE,FALSE,FALSE,TRUE,FALSE,FALSE,FALSE,FALSE,TRUE,FALSE
671923,1COR 16.13,wakaiþ,wakan,optative,plural,FALSE,FALSE,TRUE,FALSE,TRUE,TRUE,NA,FALSE,TRUE,TRUE,FALSE
671924,1COR 16.13,standaid,standan,optative,plural,FALSE,FALSE,TRUE,FALSE,TRUE,TRUE,NA,FALSE,TRUE,TRUE,FALSE
671930,1COR 16.13,taujaiþ,taujan,optative,plural,FALSE,FALSE,TRUE,FALSE,TRUE,TRUE,NA,FALSE,FALSE,TRUE,FALSE
671933,1COR 16.13,sijaiþ,wisan-1,optative,plural,FALSE,FALSE,TRUE,FALSE,TRUE,TRUE,NA,FALSE,TRUE,TRUE,FALSE
672000,1COR 16.18,ufkunnaiþ,uf-kunnan,optative/imperative,plural,FALSE,TRUE,NA,FALSE,NA,TRUE,NA,FALSE,FALSE,TRUE,TRUE
672033,1COR 16.20,goleiþ,goljan,imperative,plural,FALSE,TRUE,TRUE,FALSE,NA,FALSE,NA,FALSE,FALSE,TRUE,TRUE
663785,2COR 2.7,fragiban,fra-giban,infinitive,NA,FALSE,TRUE,FALSE,FALSE,TRUE,NA,NA,FALSE,FALSE,NA,TRUE
663787,2COR 2.7,gaþlaihan,ga-þláihan,infinitive,NA,FALSE,TRUE,FALSE,FALSE,TRUE,NA,NA,FALSE,FALSE,TRUE,TRUE
665199,2COR 6.13,urrumnaiþ,ur-rūmnan,optative,plural,FALSE,TRUE,TRUE,FALSE,TRUE,NA,NA,FALSE,NA,TRUE,NA
665204,2COR 6.14,wairþaiþ,wairþan,optative,plural,TRUE,FALSE,FALSE,FALSE,FALSE,TRUE,FALSE,FALSE,TRUE,TRUE,TRUE
665275,2COR 6.17,usgaggiþ,us-gaggan,imperative,plural,FALSE,TRUE,NA,FALSE,NA,NA,NA,FALSE,FALSE,TRUE,TRUE
665280,2COR 6.17,afskaidiþ,af-skaidan,imperative,plural,FALSE,TRUE,NA,FALSE,NA,NA,NA,FALSE,FALSE,TRUE,TRUE
665289,2COR 6.17,attekaiþ,at-tekan,optative,plural,TRUE,FALSE,NA,FALSE,NA,TRUE,NA,FALSE,FALSE,TRUE,TRUE
665541,2COR 7.11,saiƕ,saiƕan,imperative,singular,FALSE,TRUE,TRUE,FALSE,TRUE,FALSE,FALSE,FALSE,FALSE,NA,TRUE
665899,2COR 8.11,ustiuhaiþ,us-tiuhan,optative,plural,FALSE,TRUE,NA,FALSE,NA,FALSE,FALSE,FALSE,FALSE,TRUE,TRUE
666150,2COR 8.24,ustaiknjandans,us-taiknjan,participle,plural,FALSE,TRUE,NA,FALSE,FALSE,NA,NA,FALSE,FALSE,TRUE,TRUE
667083,2COR 11.16,nimaiþ,niman,optative,plural,FALSE,TRUE,NA,FALSE,TRUE,FALSE,NA,FALSE,FALSE,TRUE,TRUE
667686,2COR 12.13,fragibiþ,fra-giban,imperative,plural,FALSE,TRUE,TRUE,FALSE,TRUE,NA,FALSE,FALSE,NA,NA,TRUE
667987,2COR 13.5,fraisiþ,fraisan,imperative,plural,FALSE,TRUE,NA,FALSE,FALSE,TRUE,TRUE,FALSE,FALSE,TRUE,TRUE
667995,2COR 13.5,kauseiþ,kausjan,imperative,plural,FALSE,NA,NA,FALSE,FALSE,TRUE,NA,FALSE,NA,TRUE,TRUE
668111,2COR 13.11,faginoþ,faginon,optative/imperative,plural,FALSE,FALSE,FALSE,FALSE,NA,TRUE,NA,FALSE,TRUE,FALSE,FALSE
668114,2COR 13.11,sijaiþ,wisan-1,optative,plural,FALSE,TRUE,FALSE,FALSE,NA,TRUE,NA,FALSE,NA,NA,TRUE
668117,2COR 13.11,sijaiþ,wisan-1,optative,plural,FALSE,TRUE,FALSE,FALSE,NA,TRUE,NA,FALSE,NA,NA,TRUE
668120,2COR 13.11,fraþjaiþ,fraþjan,optative,plural,FALSE,NA,FALSE,FALSE,NA,TRUE,NA,FALSE,TRUE,NA,TRUE
864309,2COR 13.11,sijaiþ,wisan-1,optative,plural,FALSE,FALSE,FALSE,FALSE,NA,TRUE,NA,FALSE,TRUE,NA,FALSE
668135,2COR 13.12,goljaiþ,goljan,optative,plural,FALSE,TRUE,NA,FALSE,FALSE,NA,TRUE,FALSE,FALSE,TRUE,TRUE
643661,GAL 4.12,wairþaiþ,wairþan,optative,plural,FALSE,TRUE,NA,FALSE,NA,NA,FALSE,FALSE,TRUE,TRUE,TRUE
643806,GAL 4.21,qiþiþ,qiþan,imperative,plural,FALSE,TRUE,TRUE,FALSE,TRUE,FALSE,FALSE,FALSE,FALSE,TRUE,TRUE
643901,GAL 4.27,sifai,sifan,imperative,singular,FALSE,FALSE,NA,FALSE,NA,NA,NA,FALSE,TRUE,FALSE,FALSE
643906,GAL 4.27,tarmei,tarmjan,imperative,singular,FALSE,TRUE,NA,FALSE,NA,NA,NA,FALSE,FALSE,TRUE,TRUE
643908,GAL 4.27,hropei,hropjan,imperative,singular,FALSE,TRUE,NA,FALSE,NA,NA,NA,FALSE,FALSE,TRUE,TRUE
643957,GAL 4.30,uswairp,us-wairpan,imperative,singular,FALSE,TRUE,NA,FALSE,NA,NA,FALSE,FALSE,FALSE,TRUE,TRUE
643993,GAL 5.1,standaiþ,standan,optative,plural,FALSE,FALSE,TRUE,FALSE,TRUE,TRUE,NA,FALSE,TRUE,TRUE,FALSE
644000,GAL 5.1,usþulaiþ,us-þulan,optative/imperative,plural,TRUE,FALSE,FALSE,FALSE,FALSE,TRUE,NA,FALSE,TRUE,NA,FALSE
644165,GAL 5.13,taujaiþ,taujan,optative,plural,TRUE,FALSE,FALSE,FALSE,NA,TRUE,NA,FALSE,FALSE,TRUE,NA
644171,GAL 5.13,skalkinoþ,skalkinon,optative/imperative,plural,FALSE,FALSE,FALSE,FALSE,NA,TRUE,NA,FALSE,FALSE,TRUE,FALSE
644188,GAL 5.14,frijos,frijon,optative,singular,FALSE,FALSE,NA,FALSE,NA,TRUE,NA,FALSE,TRUE,FALSE,FALSE
644203,GAL 5.15,saiƕiþ,saiƕan,imperative,plural,FALSE,FALSE,FALSE,FALSE,TRUE,TRUE,NA,FALSE,FALSE,NA,FALSE
644397,GAL 6.1,gaþwastjaiþ,ga-þwastjan,optative,plural,FALSE,TRUE,NA,FALSE,TRUE,TRUE,NA,FALSE,FALSE,TRUE,TRUE
644416,GAL 6.2,bairaiþ,bairan,optative,plural,FALSE,FALSE,FALSE,FALSE,NA,TRUE,TRUE,FALSE,FALSE,TRUE,NA
644478,GAL 6.7,wairþaiþ,wairþan,optative,plural,TRUE,FALSE,NA,FALSE,NA,NA,NA,FALSE,TRUE,NA,TRUE
645268,EPH 2.11,gamuneiþ,ga-munan,optative,plural,FALSE,FALSE,NA,FALSE,NA,TRUE,NA,FALSE,TRUE,TRUE,NA
645637,EPH 3.13,wairþaiþ,wairþan,optative,plural,TRUE,FALSE,FALSE,FALSE,FALSE,FALSE,NA,FALSE,TRUE,FALSE,TRUE
646152,EPH 4.25,rodjaiþ,rodjan,optative,plural,FALSE,NA,FALSE,FALSE,FALSE,TRUE,TRUE,FALSE,NA,TRUE,NA
646168,EPH 4.26,sijaiþ,wisan-1,optative,plural,FALSE,FALSE,FALSE,FALSE,FALSE,TRUE,NA,FALSE,TRUE,FALSE,FALSE
646171,EPH 4.26,frawaurkjaiþ,fra-waurkjan,optative,plural,TRUE,FALSE,FALSE,FALSE,FALSE,TRUE,NA,FALSE,FALSE,TRUE,TRUE
646181,EPH 4.27,gibiþ,giban,imperative,plural,TRUE,FALSE,NA,FALSE,NA,TRUE,NA,FALSE,FALSE,TRUE,TRUE
646230,EPH 4.30,gaurjaiþ,gaurjan,optative,plural,TRUE,FALSE,FALSE,FALSE,FALSE,TRUE,NA,FALSE,TRUE,TRUE,TRUE
646261,EPH 4.32,wairþaid,wairþan,optative,plural,FALSE,FALSE,FALSE,FALSE,FALSE,TRUE,NA,FALSE,TRUE,TRUE,NA
646281,EPH 5.1,Wairþaiþ,wairþan,optative,plural,FALSE,FALSE,FALSE,FALSE,FALSE,TRUE,NA,FALSE,TRUE,TRUE,TRUE
646289,EPH 5.2,gaggaiþ,gaggan,optative,plural,FALSE,FALSE,FALSE,FALSE,FALSE,TRUE,NA,FALSE,FALSE,TRUE,FALSE
646383,EPH 5.7,wairþaiþ,wairþan,optative,plural,TRUE,FALSE,FALSE,FALSE,FALSE,TRUE,NA,FALSE,TRUE,TRUE,TRUE
646402,EPH 5.8,gaggaiþ,gaggan,optative,plural,FALSE,FALSE,FALSE,FALSE,FALSE,TRUE,NA,FALSE,FALSE,TRUE,FALSE
646427,EPH 5.11,gamainjaiþ,gámainjan,optative,plural,TRUE,FALSE,FALSE,FALSE,FALSE,TRUE,NA,FALSE,FALSE,TRUE,FALSE
646433,EPH 5.17,wairþaiþ,wairþan,optative,plural,TRUE,FALSE,FALSE,FALSE,FALSE,TRUE,NA,FALSE,TRUE,TRUE,NA
646445,EPH 5.18,anadrigkaiþ,ana-drigkan,optative,plural,TRUE,FALSE,FALSE,FALSE,FALSE,TRUE,NA,FALSE,TRUE,TRUE,TRUE
646455,EPH 5.18,fullnaiþ,fullnan,optative,plural,FALSE,TRUE,FALSE,FALSE,FALSE,TRUE,NA,FALSE,TRUE,TRUE,TRUE
646535,EPH 5.25,frijoþ,frijon,optative/imperative,plural,FALSE,FALSE,FALSE,FALSE,FALSE,TRUE,NA,FALSE,TRUE,FALSE,FALSE
646670,EPH 6.10,inswinþjaiþ,in-swinþjan,optative,plural,FALSE,NA,FALSE,FALSE,FALSE,TRUE,NA,FALSE,TRUE,TRUE,TRUE
646680,EPH 6.11,gahamoþ,ga-hamon,optative/imperative,plural,FALSE,TRUE,NA,FALSE,FALSE,NA,NA,FALSE,FALSE,TRUE,TRUE
646723,EPH 6.13,nimiþ,niman,imperative,plural,FALSE,TRUE,NA,FALSE,FALSE,NA,NA,FALSE,FALSE,TRUE,TRUE
646740,EPH 6.14,standaiþ,standan,optative,plural,FALSE,FALSE,NA,FALSE,FALSE,TRUE,NA,FALSE,FALSE,TRUE,FALSE
646777,EPH 6.17,nimaiþ,niman,optative,plural,FALSE,TRUE,NA,FALSE,FALSE,TRUE,NA,FALSE,FALSE,TRUE,TRUE
662091,PHIL 1.27,usmitaiþ,us-mitan,optative,plural,FALSE,FALSE,FALSE,FALSE,FALSE,TRUE,NA,FALSE,NA,TRUE,FALSE
662199,PHIL 2.2,usfulleiþ,us-fulljan,imperative,plural,FALSE,TRUE,NA,FALSE,FALSE,TRUE,NA,FALSE,FALSE,TRUE,TRUE
662414,PHIL 2.29,andnimaiþ,and-niman,optative,plural,FALSE,TRUE,NA,FALSE,TRUE,FALSE,NA,FALSE,FALSE,TRUE,TRUE
662426,PHIL 2.29,habaiþ,haban,optative/imperative,plural,FALSE,FALSE,NA,FALSE,TRUE,TRUE,NA,FALSE,TRUE,FALSE,FALSE
662454,PHIL 3.1,faginoþ,faginon,optative/imperative,plural,FALSE,FALSE,NA,FALSE,FALSE,TRUE,NA,FALSE,TRUE,FALSE,NA
662471,PHIL 3.2,saiƕiþ,saiƕan,imperative,plural,FALSE,FALSE,FALSE,FALSE,FALSE,TRUE,NA,FALSE,FALSE,TRUE,FALSE
662475,PHIL 3.2,saiƕiþ,saiƕan,imperative,plural,FALSE,FALSE,FALSE,FALSE,FALSE,TRUE,NA,FALSE,FALSE,TRUE,FALSE
662480,PHIL 3.2,saiƕiþ,saiƕan,imperative,plural,FALSE,FALSE,FALSE,FALSE,FALSE,TRUE,NA,FALSE,FALSE,TRUE,FALSE
662760,PHIL 3.17,wairþaiþ,wairþan,optative,plural,FALSE,TRUE,NA,FALSE,FALSE,TRUE,NA,FALSE,TRUE,TRUE,TRUE
662765,PHIL 3.17,mundoþ,mundon,optative,plural,FALSE,FALSE,NA,FALSE,FALSE,TRUE,NA,FALSE,FALSE,TRUE,FALSE
662863,PHIL 4.1,standaiþ,standan,optative,plural,FALSE,FALSE,TRUE,FALSE,TRUE,TRUE,NA,FALSE,FALSE,TRUE,FALSE
662885,PHIL 4.3,niþais,niþan,optative,singular,FALSE,TRUE,TRUE,FALSE,TRUE,NA,NA,FALSE,FALSE,TRUE,TRUE
662908,PHIL 4.4,faginoþ,faginon,optative/imperative,plural,FALSE,FALSE,FALSE,NA,FALSE,TRUE,NA,FALSE,TRUE,FALSE,NA
662916,PHIL 4.4,faginoþ,faginon,optative/imperative,plural,FALSE,FALSE,FALSE,NA,FALSE,TRUE,NA,FALSE,TRUE,FALSE,NA
662931,PHIL 4.6,maurnaiþ,maurnan,optative/imperative,plural,TRUE,FALSE,FALSE,FALSE,FALSE,TRUE,NA,FALSE,NA,FALSE,FALSE
663004,PHIL 4.8,mitoþ,miton,optative/imperative,plural,FALSE,FALSE,FALSE,FALSE,FALSE,TRUE,NA,FALSE,TRUE,TRUE,FALSE
663020,PHIL 4.9,taujaiþ,taujan,optative,plural,FALSE,NA,FALSE,FALSE,FALSE,TRUE,NA,FALSE,NA,TRUE,TRUE
622462,COL 2.21,teikais,tekan,optative,singular,TRUE,FALSE,NA,FALSE,NA,NA,NA,FALSE,FALSE,TRUE,TRUE
622465,COL 2.21,atsnarpjais,at-snarpjan,optative,singular,TRUE,FALSE,NA,FALSE,NA,NA,NA,FALSE,FALSE,TRUE,TRUE
622468,COL 2.21,kausjais,kausjan,optative,singular,TRUE,FALSE,NA,FALSE,NA,NA,NA,FALSE,FALSE,TRUE,TRUE
622518,COL 3.1,sokeiþ,sokjan,imperative,plural,FALSE,FALSE,NA,FALSE,TRUE,TRUE,NA,FALSE,FALSE,TRUE,FALSE
622531,COL 3.2,fraþjaiþ,fraþjan,optative,plural,FALSE,FALSE,NA,FALSE,NA,TRUE,NA,FALSE,NA,TRUE,FALSE
622570,COL 3.5,dauþeiþ,dauþjan,imperative,plural,FALSE,TRUE,NA,FALSE,NA,NA,NA,FALSE,FALSE,TRUE,TRUE
622620,COL 3.8,aflagjiþ,af-lagjan,imperative,plural,FALSE,TRUE,NA,FALSE,NA,NA,NA,FALSE,FALSE,TRUE,TRUE
622643,COL 3.9,liugaiþ,liugan-2,optative,plural,TRUE,FALSE,FALSE,FALSE,NA,TRUE,NA,FALSE,FALSE,TRUE,TRUE
622657,COL 3.10,gahamoþ,ga-hamon,optative/imperative,plural,FALSE,TRUE,NA,FALSE,NA,TRUE,NA,FALSE,FALSE,TRUE,TRUE
622697,COL 3.12,gahamoþ,ga-hamon,optative/imperative,plural,FALSE,TRUE,FALSE,FALSE,FALSE,TRUE,NA,FALSE,FALSE,TRUE,TRUE
622745,COL 3.13,taujaiþ,taujan,optative,plural,FALSE,TRUE,FALSE,FALSE,FALSE,TRUE,NA,FALSE,FALSE,TRUE,TRUE
622777,COL 3.15,wairþaiþ,wairþan,optative,plural,FALSE,FALSE,FALSE,FALSE,FALSE,TRUE,NA,FALSE,TRUE,NA,FALSE
622837,COL 3.18,ufhausjaiþ,uf-hausjan,optative,plural,FALSE,TRUE,FALSE,FALSE,FALSE,TRUE,TRUE,FALSE,FALSE,TRUE,TRUE
622848,COL 3.19,frijoþ,frijon,optative/imperative,plural,FALSE,FALSE,FALSE,FALSE,FALSE,TRUE,NA,FALSE,TRUE,FALSE,FALSE
622853,COL 3.19,sijaiþ,wisan-1,optative,plural,TRUE,FALSE,FALSE,FALSE,FALSE,TRUE,NA,FALSE,TRUE,FALSE,FALSE
622860,COL 3.20,ufhausjaiþ,uf-hausjan,optative,plural,FALSE,TRUE,FALSE,FALSE,FALSE,TRUE,TRUE,FALSE,FALSE,TRUE,TRUE
622877,COL 3.21,gramjaiþ,gramjan,optative,plural,TRUE,FALSE,FALSE,FALSE,FALSE,TRUE,NA,FALSE,FALSE,TRUE,TRUE
622891,COL 3.22,ufhausjaiþ,uf-hausjan,optative,plural,FALSE,TRUE,FALSE,FALSE,FALSE,TRUE,TRUE,FALSE,FALSE,TRUE,TRUE
622922,COL 3.23,waurkjaiþ,waurkjan,optative,plural,FALSE,TRUE,FALSE,FALSE,FALSE,TRUE,TRUE,FALSE,FALSE,TRUE,TRUE
622962,COL 4.1,atkunnaiþ,at-kunnan,optative/imperative,plural,FALSE,NA,FALSE,FALSE,FALSE,TRUE,NA,FALSE,FALSE,TRUE,TRUE
623014,COL 4.5,gaggaiþ,gaggan,optative,plural,FALSE,FALSE,FALSE,FALSE,FALSE,TRUE,NA,FALSE,TRUE,NA,FALSE
623121,COL 4.10,andnimaiþ,and-niman,optative,plural,FALSE,TRUE,FALSE,FALSE,TRUE,FALSE,FALSE,FALSE,FALSE,NA,TRUE
623202,COL 4.15,goleiþ,goljan,imperative,plural,FALSE,TRUE,NA,FALSE,TRUE,FALSE,FALSE,FALSE,FALSE,TRUE,TRUE
623223,COL 4.16,taujaiþ,taujan,optative,plural,FALSE,TRUE,FALSE,FALSE,TRUE,FALSE,FALSE,FALSE,FALSE,TRUE,TRUE
623241,COL 4.17,qiþaiþ,qiþan,optative,plural,FALSE,TRUE,NA,FALSE,NA,FALSE,FALSE,FALSE,FALSE,TRUE,TRUE
623244,COL 4.17,saiƕ,saiƕan,imperative,singular,FALSE,TRUE,NA,FALSE,TRUE,FALSE,NA,FALSE,FALSE,TRUE,TRUE
623261,COL 4.19,gamuneiþ,ga-munan,optative,plural,FALSE,NA,NA,NA,NA,NA,NA,FALSE,NA,FALSE,NA
624987,1THESS 4.18,þrafsteiþ,þrafstjan,imperative,plural,FALSE,FALSE,NA,FALSE,NA,NA,NA,FALSE,NA,TRUE,FALSE
800140,1THESS 5.11,þrafsteiþ,þrafstjan,imperative,plural,FALSE,FALSE,TRUE,FALSE,TRUE,TRUE,NA,FALSE,FALSE,TRUE,FALSE
800144,1THESS 5.11,timrjaiþ,timrjan,optative,plural,FALSE,FALSE,TRUE,FALSE,TRUE,TRUE,NA,FALSE,FALSE,TRUE,FALSE
625233,1THESS 5.15,saiƕiþ,saiƕan,imperative,plural,FALSE,NA,FALSE,FALSE,NA,TRUE,NA,FALSE,FALSE,TRUE,NA
625254,1THESS 5.16,faginoþ,faginon,optative/imperative,plural,FALSE,FALSE,FALSE,TRUE,FALSE,TRUE,NA,FALSE,TRUE,FALSE,FALSE
625259,1THESS 5.17,bidjaiþ,bidjan,optative,plural,FALSE,FALSE,FALSE,FALSE,FALSE,TRUE,FALSE,FALSE,FALSE,TRUE,NA
625263,1THESS 5.18,awiliudoþ,awiliudon,optative/imperative,plural,FALSE,TRUE,FALSE,FALSE,FALSE,TRUE,TRUE,FALSE,FALSE,TRUE,TRUE
625278,1THESS 5.19,afƕapjaiþ,af-ƕapjan,optative,plural,TRUE,FALSE,FALSE,FALSE,FALSE,TRUE,NA,FALSE,FALSE,TRUE,TRUE
625282,1THESS 5.20,frakunneiþ,fra-kunnan,optative,plural,TRUE,FALSE,FALSE,FALSE,FALSE,TRUE,NA,FALSE,TRUE,FALSE,FALSE
625286,1THESS 5.21,uskiusaiþ,us-kiusan,optative,plural,FALSE,TRUE,FALSE,FALSE,FALSE,TRUE,TRUE,FALSE,FALSE,TRUE,TRUE
625292,1THESS 5.21,gahabaiþ,ga-haban,optative/imperative,plural,FALSE,FALSE,FALSE,FALSE,FALSE,TRUE,NA,FALSE,NA,TRUE,FALSE
625296,1THESS 5.22,afhabaiþ,af-haban,optative/imperative,plural,FALSE,NA,FALSE,FALSE,FALSE,TRUE,NA,FALSE,FALSE,TRUE,NA
625335,1THESS 5.25,bidjaiþ,bidjan,optative,plural,FALSE,TRUE,NA,FALSE,NA,NA,NA,FALSE,FALSE,TRUE,TRUE
625342,1THESS 5.26,goljaiþ,goljan,optative,plural,FALSE,TRUE,NA,FALSE,NA,NA,NA,FALSE,FALSE,TRUE,TRUE
623647,2THESS 3.1,gabidjaiþ,ga-bidjan,optative,plural,FALSE,TRUE,NA,FALSE,NA,NA,NA,FALSE,FALSE,TRUE,TRUE
623868,2THESS 3.13,wairþaiþ,wairþan,optative,plural,TRUE,FALSE,FALSE,FALSE,FALSE,TRUE,NA,FALSE,TRUE,FALSE,NA
623885,2THESS 3.14,gatarhjaiþ,ga-tarhjan,optative,plural,FALSE,TRUE,FALSE,FALSE,TRUE,TRUE,NA,FALSE,FALSE,TRUE,TRUE
623888,2THESS 3.14,blandaiþ,blandan,optative,plural,TRUE,FALSE,FALSE,FALSE,TRUE,TRUE,NA,FALSE,NA,TRUE,NA
623902,2THESS 3.15,rahnjaiþ,rahnjan,optative,plural,TRUE,FALSE,FALSE,FALSE,TRUE,NA,NA,FALSE,TRUE,TRUE,FALSE
623905,2THESS 3.15,talzjaiþ,talzjan,optative,plural,FALSE,TRUE,FALSE,FALSE,TRUE,NA,NA,FALSE,FALSE,TRUE,TRUE
641895,1TIM 4.7,biwandei,bi-wandjan,imperative,singular,FALSE,NA,FALSE,FALSE,FALSE,TRUE,NA,FALSE,FALSE,TRUE,NA
641898,1TIM 4.7,þroþei,þroþjan,imperative,singular,FALSE,FALSE,FALSE,FALSE,FALSE,TRUE,NA,FALSE,FALSE,TRUE,FALSE
641957,1TIM 4.11,anabiud,ana-biudan,imperative,singular,FALSE,TRUE,FALSE,FALSE,FALSE,TRUE,NA,FALSE,FALSE,TRUE,TRUE
641960,1TIM 4.11,laisei,laisjan,imperative,singular,FALSE,TRUE,FALSE,FALSE,FALSE,TRUE,NA,FALSE,FALSE,TRUE,TRUE
641970,1TIM 4.12,sijais,wisan-1,optative,singular,FALSE,TRUE,FALSE,FALSE,FALSE,TRUE,NA,FALSE,TRUE,NA,TRUE
641991,1TIM 4.13,gaumei,gaumjan,imperative,singular,FALSE,FALSE,FALSE,TRUE,TRUE,FALSE,TRUE,FALSE,FALSE,NA,NA
642000,1TIM 4.14,sijais,wisan-1,optative,singular,TRUE,FALSE,FALSE,FALSE,NA,TRUE,NA,FALSE,TRUE,NA,FALSE
642019,1TIM 4.15,sido,sidon,imperative,singular,FALSE,FALSE,FALSE,FALSE,FALSE,TRUE,TRUE,FALSE,FALSE,TRUE,FALSE
642025,1TIM 4.15,sijais,wisan-1,optative,singular,FALSE,FALSE,FALSE,FALSE,NA,TRUE,NA,FALSE,TRUE,NA,FALSE
642036,1TIM 4.16,atsaiƕ,at-saiƕan,imperative,singular,FALSE,FALSE,FALSE,FALSE,FALSE,TRUE,TRUE,FALSE,FALSE,TRUE,FALSE
642045,1TIM 4.16,þairhwis,þairh-wisan,imperative,singular,FALSE,FALSE,FALSE,FALSE,FALSE,TRUE,TRUE,FALSE,FALSE,TRUE,FALSE
642062,1TIM 5.1,andbeitais,and-beitan,optative,singular,TRUE,FALSE,FALSE,FALSE,FALSE,TRUE,NA,FALSE,FALSE,TRUE,TRUE
642065,1TIM 5.1,gaþlaih,ga-þláihan,imperative,singular,FALSE,TRUE,FALSE,FALSE,FALSE,TRUE,TRUE,FALSE,FALSE,TRUE,TRUE
642085,1TIM 5.3,swerai,sweran,imperative,singular,FALSE,FALSE,FALSE,FALSE,FALSE,TRUE,TRUE,FALSE,NA,TRUE,FALSE
642145,1TIM 5.7,anabiud,ana-biudan,imperative,singular,FALSE,TRUE,FALSE,FALSE,FALSE,TRUE,NA,FALSE,FALSE,TRUE,TRUE
642213,1TIM 5.11,biwandei,bi-wandjan,imperative,singular,FALSE,TRUE,FALSE,FALSE,FALSE,TRUE,TRUE,FALSE,FALSE,TRUE,TRUE
642301,1TIM 5.18,faurwaipjais,faur-waipjan,optative,singular,TRUE,FALSE,NA,TRUE,TRUE,TRUE,NA,FALSE,FALSE,TRUE,TRUE
642315,1TIM 5.19,andnimais,and-niman,optative,singular,TRUE,FALSE,FALSE,FALSE,FALSE,TRUE,NA,FALSE,FALSE,TRUE,TRUE
642331,1TIM 5.20,gasak,ga-sakan,imperative,singular,FALSE,TRUE,FALSE,FALSE,NA,TRUE,NA,FALSE,FALSE,TRUE,TRUE
642370,1TIM 5.22,lagjais,lagjan,optative,singular,TRUE,FALSE,FALSE,FALSE,FALSE,TRUE,NA,FALSE,FALSE,TRUE,TRUE
642374,1TIM 5.22,siais,wisan-1,optative,singular,TRUE,FALSE,FALSE,FALSE,FALSE,TRUE,NA,FALSE,TRUE,TRUE,FALSE
642381,1TIM 5.22,fastais,fastan,optative,singular,FALSE,FALSE,FALSE,FALSE,FALSE,TRUE,NA,FALSE,TRUE,NA,FALSE
642385,1TIM 5.23,drigkais,drigkan,optative,singular,TRUE,FALSE,TRUE,FALSE,TRUE,TRUE,NA,FALSE,FALSE,TRUE,TRUE
642392,1TIM 5.23,brukjais,brūkjan,optative,singular,FALSE,FALSE,TRUE,FALSE,TRUE,TRUE,NA,FALSE,FALSE,TRUE,TRUE
642487,1TIM 6.2,laisei,laisjan,imperative,singular,FALSE,TRUE,FALSE,FALSE,FALSE,TRUE,NA,FALSE,FALSE,TRUE,TRUE
642489,1TIM 6.2,gaþlaih,ga-þláihan,imperative,singular,FALSE,TRUE,FALSE,FALSE,FALSE,TRUE,NA,FALSE,FALSE,TRUE,TRUE
642648,1TIM 6.11,þliuhais,þliuhan,optative,singular,FALSE,TRUE,FALSE,FALSE,FALSE,TRUE,TRUE,FALSE,FALSE,TRUE,NA
642651,1TIM 6.11,laistjais,laistjan,optative,singular,FALSE,NA,FALSE,FALSE,FALSE,TRUE,TRUE,FALSE,FALSE,TRUE,TRUE
642664,1TIM 6.12,haifstei,haifstjan,imperative,singular,FALSE,FALSE,NA,FALSE,NA,TRUE,TRUE,FALSE,FALSE,TRUE,TRUE
642670,1TIM 6.12,undgreip,und-greipan,imperative,singular,FALSE,TRUE,NA,FALSE,NA,TRUE,NA,FALSE,FALSE,TRUE,TRUE
639798,2TIM 1.8,skamai,skaman,imperative,singular,FALSE,FALSE,FALSE,FALSE,FALSE,TRUE,NA,FALSE,TRUE,FALSE,FALSE
639811,2TIM 1.8,miþarbaidei,miþ-arbaidjan,imperative,singular,FALSE,FALSE,FALSE,FALSE,FALSE,TRUE,NA,FALSE,FALSE,TRUE,TRUE
639912,2TIM 1.13,habands,haban,participle,singular,FALSE,FALSE,TRUE,FALSE,TRUE,TRUE,NA,FALSE,NA,TRUE,FALSE
639931,2TIM 1.14,fastai,fastan,imperative,singular,FALSE,FALSE,NA,FALSE,NA,TRUE,NA,FALSE,NA,TRUE,FALSE
640016,2TIM 2.1,inswinþei,in-swinþjan,imperative,singular,FALSE,TRUE,FALSE,FALSE,FALSE,TRUE,NA,FALSE,TRUE,TRUE,TRUE
640036,2TIM 2.2,anafilh,ana-filhan,imperative,singular,FALSE,TRUE,FALSE,FALSE,FALSE,TRUE,TRUE,FALSE,FALSE,TRUE,TRUE
640049,2TIM 2.3,arbaidei,arbaidjan,imperative,singular,FALSE,FALSE,FALSE,FALSE,FALSE,TRUE,NA,FALSE,FALSE,TRUE,FALSE
640092,2TIM 2.7,fraþei,fraþjan,imperative,singular,FALSE,NA,NA,FALSE,NA,TRUE,TRUE,FALSE,TRUE,TRUE,NA
640104,2TIM 2.8,Gamuneis,ga-munan,optative,singular,FALSE,FALSE,TRUE,FALSE,TRUE,TRUE,TRUE,FALSE,TRUE,TRUE,FALSE
640193,2TIM 2.14,gamaudei,ga-maudjan,imperative,singular,FALSE,TRUE,FALSE,FALSE,FALSE,TRUE,NA,FALSE,FALSE,TRUE,TRUE
640212,2TIM 2.15,usdaudei,us-daudjan,imperative,singular,FALSE,FALSE,FALSE,FALSE,FALSE,TRUE,TRUE,FALSE,TRUE,TRUE,FALSE
640231,2TIM 2.16,biwandei,bi-wandjan,imperative,singular,FALSE,NA,FALSE,FALSE,FALSE,TRUE,NA,FALSE,FALSE,TRUE,NA
640335,2TIM 2.22,þliuh,þliuhan,imperative,singular,FALSE,TRUE,FALSE,FALSE,FALSE,TRUE,TRUE,FALSE,FALSE,TRUE,TRUE
640338,2TIM 2.22,laistei,laistjan,imperative,singular,FALSE,NA,FALSE,FALSE,FALSE,TRUE,NA,FALSE,FALSE,TRUE,NA
640361,2TIM 2.23,biwandei,bi-wandjan,imperative,singular,FALSE,FALSE,FALSE,FALSE,FALSE,TRUE,NA,FALSE,FALSE,TRUE,TRUE
640417,2TIM 3.1,kunneis,kunnan-1,optative,singular,FALSE,FALSE,NA,FALSE,TRUE,TRUE,NA,FALSE,TRUE,NA,FALSE
640484,2TIM 3.5,afwandei,af-wandjan,imperative,singular,FALSE,FALSE,FALSE,FALSE,FALSE,TRUE,NA,FALSE,FALSE,TRUE,TRUE
640640,2TIM 3.14,wisais,wisan-1,optative,singular,FALSE,FALSE,TRUE,FALSE,TRUE,TRUE,NA,FALSE,TRUE,NA,FALSE
640730,2TIM 4.2,merei,merjan,imperative,singular,FALSE,FALSE,FALSE,FALSE,FALSE,TRUE,NA,FALSE,FALSE,TRUE,TRUE
640733,2TIM 4.2,instand,in-standan,imperative,singular,FALSE,FALSE,FALSE,FALSE,FALSE,TRUE,NA,FALSE,TRUE,TRUE,FALSE
640737,2TIM 4.2,gasak,ga-sakan,imperative,singular,FALSE,NA,FALSE,FALSE,FALSE,TRUE,TRUE,FALSE,FALSE,TRUE,TRUE
640739,2TIM 4.2,gaþlaih,ga-þláihan,imperative,singular,FALSE,NA,FALSE,FALSE,FALSE,TRUE,TRUE,FALSE,FALSE,TRUE,TRUE
640741,2TIM 4.2,gaƕotei,ga-ƕotjan,imperative,singular,FALSE,NA,FALSE,FALSE,FALSE,TRUE,TRUE,FALSE,FALSE,TRUE,TRUE
640782,2TIM 4.5,sijais,wisan-1,optative,singular,FALSE,FALSE,FALSE,FALSE,FALSE,TRUE,NA,FALSE,TRUE,TRUE,FALSE
640786,2TIM 4.5,arbaidei,arbaidjan,imperative,singular,FALSE,FALSE,FALSE,FALSE,FALSE,TRUE,NA,FALSE,FALSE,NA,FALSE
640789,2TIM 4.5,waurkei,waurkjan,imperative,singular,FALSE,FALSE,FALSE,FALSE,FALSE,TRUE,TRUE,FALSE,FALSE,TRUE,TRUE
640794,2TIM 4.5,usfullei,us-fulljan,imperative,singular,FALSE,TRUE,FALSE,FALSE,FALSE,TRUE,TRUE,FALSE,FALSE,TRUE,TRUE
640849,2TIM 4.9,sniumei,sniumjan,imperative,singular,FALSE,FALSE,TRUE,FALSE,TRUE,FALSE,FALSE,FALSE,FALSE,TRUE,TRUE
640886,2TIM 4.11,brigg,briggan,imperative,singular,FALSE,TRUE,NA,FALSE,NA,FALSE,FALSE,FALSE,FALSE,TRUE,TRUE
640912,2TIM 4.13,atbair,at-bairan,imperative,singular,FALSE,TRUE,FALSE,FALSE,TRUE,FALSE,FALSE,FALSE,FALSE,TRUE,TRUE
640936,2TIM 4.15,witai,witan-2,imperative,singular,FALSE,FALSE,FALSE,FALSE,TRUE,NA,NA,FALSE,TRUE,TRUE,FALSE
661781,TIT 1.13,gasak,ga-sakan,imperative,singular,FALSE,TRUE,FALSE,FALSE,FALSE,NA,NA,FALSE,FALSE,TRUE,TRUE
661846,TIT 2.1,rodei,rodjan,imperative,singular,FALSE,NA,FALSE,FALSE,FALSE,TRUE,TRUE,FALSE,FALSE,TRUE,NA
623979,PHILEM 1.12,andnim,and-niman,imperative,singular,FALSE,TRUE,FALSE,FALSE,TRUE,FALSE,FALSE,FALSE,FALSE,TRUE,TRUE
624065,PHILEM 1.17,andnim,and-niman,imperative,singular,FALSE,TRUE,FALSE,FALSE,TRUE,FALSE,FALSE,FALSE,FALSE,TRUE,TRUE
624081,PHILEM 1.18,rahnei,rahnjan,imperative,singular,FALSE,NA,FALSE,FALSE,TRUE,FALSE,FALSE,FALSE,FALSE,NA,NA
624114,PHILEM 1.20,anaþrafstei,ana-þrafstjan,imperative,singular,FALSE,TRUE,FALSE,FALSE,FALSE,FALSE,FALSE,FALSE,FALSE,TRUE,TRUE
624137,PHILEM 1.22,manwei,manwjan,imperative,singular,FALSE,TRUE,NA,FALSE,NA,FALSE,FALSE,FALSE,FALSE,TRUE,TRUE
